by	s	1
âr	r	1
i!	n	1
¥a	m	1
!b	e	1
m!	i	1
zs	u	1
yr	a	3
hr	i	1
©b	i	1
ll	a	1
ll	i	5
ff	r	1
Åt	a	1
Åf	o	1
xh	a	1
hf	l	1
hf	i	1
√´	m	1
!v	i	1
!c	i	1
cc	o	4
u!	c	1
hc	a	1
hc	i	4
hc	e	1
¥o	d	1
hv	e	1
hv	√	1
--	p	1
--	l	1
--	a	1
--	n	1
--	o	2
©j	u	1
e?	o	1
?-	p	1
pp	a	1
u?	-	1
;t	o	1
†m	o	1
†m	a	1
†m	e	2
†a	l	1
†a	n	1
r¬	´	2
©l	i	2
°z	i	1
(s	o	1
!j	u	1
£?	o	1
≠g	i	1
?q	u	2
?p	e	1
-f	e	1
!√	â	2
!√	©	1
¥r	m	1
¥r	√	1
¥r	e	4
¥r	-	1
zc	a	1
≠f	i	1
-u	m	1
£r	o	1
°m	o	3
tt	o	1
!s	e	1
?e	s	1
?e	x	1
?e	p	1
s?	f	1
s?	e	2
zg	r	2
†r	o	1
nl	e	1
nl	o	1
¥d	e	2
™b	e	1
:l	i	1
xu	b	1
≠o	d	2
∫g	u	1
≠r	a	1
m.	.	1
m.	p	1
m.	f	1
:u	m	1
:t	i	2
l:	t	1
:n	a	1
:n	√	2
?m	a	1
z?	m	1
!p	o	1
ª,	a	1
ª,	d	1
ª,	q	1
´s	e	1
´s	u	1
a¬	ª	2
a¬	´	2
!.	.	3
r!	q	1
r!	b	1
r!	.	1
dd	i	1
y:	a	1
-p	e	1
-p	o	4
-p	a	2
Ås	h	1
Ås	v	1
!i	a	1
!i	n	2
-t	r	2
†h	e	1
´p	a	1
!)	s	1
s!	√	1
s!	"	1
s!	p	1
s!	)	1
:s	√	1
:s	e	2
!a	s	1
!a	n	1
?.	.	2
Ån	o	1
o?	e	1
o?	.	1
o?	o	1
.√	Å	1
;i	n	1
yv	e	1
zl	h	1
th	i	1
th	m	1
th	.	1
†v	e	1
bb	e	1
d,	a	1
hm	i	2
hm	o	6
≠i	n	1
e)	r	1
ªd	o	1
ªd	e	1
´q	u	1
z.	p	1
z.	e	1
),	d	1
(q	u	2
y(	q	1
´o	c	1
ry	(	1
x√	£	4
x√	≠	1
x√	µ	2
-b	e	1
hs	m	1
?f	a	1
∫b	i	1
∫b	l	1
y.	o	1
ny	m	1
ny	:	1
ny	v	1
ny	.	1
z-	s	3
°e	m	1
°e	s	1
ym	e	2
ym	o	2
°o	s	1
°o	m	1
°o	c	1
;m	a	3
©.	c	1
!q	u	3
°-	l	4
o¬	ª	1
o¬	´	1
,√	©	3
,√	°	5
,√	†	11
√Å	t	1
√Å	f	1
√Å	s	2
√Å	n	1
√Å	u	1
.l	a	1
.l	e	2
zm	a	1
†t	e	1
†t	u	1
!m	a	2
≥√	°	2
xt	a	2
xt	r	1
xt	i	1
©√	°	1
≥u	m	1
uh	e	2
lq	u	2
i.	.	1
i.	c	1
ey	.	1
ey	,	1
u,	o	2
u,	c	1
u,	t	1
u,	a	1
u,	n	1
u,	d	1
u,	e	2
u,	i	2
u,	v	2
l!	e	1
zj	a	1
t,	c	1
t,	u	1
t,	a	1
t,	v	1
t,	f	1
†i	d	2
lf	a	2
o)	o	1
.b	o	1
.b	e	2
©f	r	1
©p	a	1
©p	e	1
©p	o	1
wh	i	3
o-	u	1
o-	v	3
o-	p	1
o-	c	3
o-	e	1
o-	o	5
o-	m	1
o-	a	2
o-	d	2
o-	l	3
o-	s	17
fe	t	1
fe	n	2
fe	l	2
fe	b	2
fe	z	3
fe	c	4
fe	s	6
fe	u	1
fe	i	6
fe	r	20
©r	i	5
©r	r	1
o;	-	1
o;	a	2
o;	d	2
o;	s	1
o;	o	1
o;	r	1
o;	e	6
go	g	1
go	c	2
go	m	2
go	l	1
go	√	2
go	p	1
go	z	2
go	s	31
go	v	3
go	i	1
go	r	21
go	e	5
go	d	9
go	q	1
go	;	1
go	u	4
go	n	5
go	a	9
go	,	13
go	b	2
go	t	5
√∫	b	2
√∫	d	2
√∫	l	1
√∫	r	7
√∫	s	1
√∫	g	1
√∫	t	1
√∫	n	2
√∫	,	1
√∫	m	1
ui	j	1
ui	v	2
ui	a	11
ui	n	21
ui	t	23
ui	s	7
ui	r	3
ui	e	4
ui	m	1
ui	z	2
ui	l	7
ui	√	1
ui	o	1
ui	d	4
ui	h	1
≥s	a	1
≥s	e	1
≥s	i	2
≥s	m	1
≥s	,	2
≥s	o	2
gu	s	2
gu	b	1
gu	√	6
gu	d	1
gu	l	5
gu	e	24
gu	r	8
gu	m	13
gu	n	13
gu	a	26
gu	i	15
ag	i	5
ag	l	1
ag	n	6
ag	a	21
ag	u	11
ag	o	31
ag	e	23
ag	r	26
ng	r	1
ng	e	8
ng	i	5
ng	a	7
ng	l	17
ng	o	4
ng	u	14
?o	r	1
?o	u	1
?o	n	2
√¢	n	3
√¢	m	3
mg	o	3
mg	r	8
eg	o	15
eg	u	12
eg	e	8
eg	r	25
eg	i	4
eg	a	18
,q	u	47
;n	√	1
cu	t	2
cu	s	1
cu	n	2
cu	j	6
cu	m	4
cu	r	17
cu	l	28
cu	p	3
cu	d	3
gr	o	12
gr	e	18
gr	i	14
gr	a	51
fr	o	6
fr	i	12
fr	e	14
fr	a	16
ld	u	1
ld	e	4
ld	a	6
ld	√	1
ld	o	2
ld	i	1
oj	u	3
oj	a	9
oj	o	3
oj	√	5
oj	e	4
ze	m	2
ze	d	1
ze	l	1
ze	i	1
ze	b	1
ze	r	15
ze	s	22
ze	a	2
ze	n	7
ug	u	5
ug	i	5
ug	o	1
ug	a	7
zu	i	1
zu	m	2
zu	l	13
™n	√	1
™n	d	1
™n	c	13
hl	u	1
hl	y	1
ea	j	1
ea	h	2
ea	a	3
ea	u	6
ea	e	8
ea	o	11
ea	v	5
ea	t	10
ea	b	11
ea	z	8
ea	m	12
ea	r	16
ea	s	27
ea	,	1
ea	f	25
ea	i	2
ea	n	15
ea	√	1
ea	l	29
ea	g	10
ea	c	10
ea	p	10
ea	q	6
ea	d	11
ad	d	1
ad	u	12
ad	m	5
ad	i	26
ad	√	2
ad	o	223
ad	r	19
ad	e	172
ad	a	127
)o	s	1
)o	f	1
gi	c	1
gi	v	2
gi	d	3
gi	t	2
gi	n	5
gi	a	7
gi	u	1
gi	r	5
gi	√	1
gi	o	6
∫r	m	1
∫r	n	2
∫r	i	2
∫r	b	2
rt	u	10
rt	i	20
rt	r	2
rt	e	40
rt	a	25
rt	√	5
rt	o	32
ov	u	1
ov	a	12
ov	e	24
ov	o	5
ov	.	1
ov	√	2
ov	i	25
©g	i	3
ch	y	2
ch	m	3
ch	i	11
ch	u	5
ch	√	6
ch	o	13
ch	a	37
ch	e	25
ys	m	1
rb	o	1
rb	a	8
rb	i	3
rb	e	2
rb	r	2
rb	u	2
°q	u	2
≠s	r	1
≠s	m	1
≠s	,	1
≠s	d	1
≠s	t	1
≠s	p	3
-v	e	2
-v	i	1
mc	h	4
mc	u	2
mc	l	1
mc	a	10
mc	r	5
mc	e	4
mc	i	2
mc	√	2
mc	o	11
r-	m	2
r-	l	6
r-	d	2
r-	q	2
r-	s	8
i:	c	1
n√	≥	1
n√	™	1
n√	©	4
n√	°	6
n√	£	62
n√	≠	1
n√	∫	4
n√	ß	29
†e	s	2
cr	√	1
cr	a	4
cr	i	24
cr	e	14
cr	u	10
bt	u	1
bt	e	2
ß√	≥	1
ß√	µ	6
ß√	£	48
©a	z	1
©a	p	1
©a	√	1
©a	b	1
©a	o	1
©a	f	1
©a	s	2
,j	u	2
,j	√	2
,j	a	1
if	e	4
if	√	5
if	i	3
m;	t	1
m;	e	1
;f	o	1
c√	µ	1
c√	°	2
c√	≠	1
c√	£	2
c√	©	4
c√	≥	6
c√	¢	3
c√	¥	4
c√	ß	2
aa	h	1
aa	e	3
aa	z	1
aa	q	6
aa	r	10
aa	v	7
aa	g	6
aa	u	3
aa	s	18
aa	f	6
aa	p	12
aa	c	12
aa	m	13
aa	i	9
aa	t	11
aa	n	13
aa	d	5
aa	b	7
aa	o	12
aa	√	2
aa	l	23
√°	.	1
√°	q	2
√°	z	1
√°	m	3
√°	i	2
√°	n	4
√°	e	2
√°	o	3
√°	s	24
√°	l	11
√°	a	6
√°	d	5
√°	b	5
√°	-	4
√°	g	20
√°	t	11
√°	r	24
√°	f	3
√°	,	6
√°	c	9
√°	p	2
√°	v	11
ps	o	1
.i	d	1
.i	g	1
.i	a	1
.i	n	3
.i	s	4
it	h	1
it	u	6
it	i	6
it	e	24
it	√	6
it	o	58
it	a	36
rm	i	11
rm	u	9
rm	√	3
rm	o	16
rm	e	13
rm	a	17
ct	e	1
ct	r	1
ct	a	2
ct	u	2
ct	i	4
ct	√	1
ct	o	11
u.	q	1
u.	e	2
u.	a	1
u.	¬	1
sp	i	12
sp	u	4
sp	l	4
sp	a	36
sp	√	4
sp	o	15
sp	r	15
sp	e	53
ev	a	23
ev	√	4
ev	o	24
ev	e	47
ev	i	34
-l	a	1
-l	o	5
-l	e	2
-l	h	29
pi	t	1
pi	g	1
pi	c	1
pi	f	1
pi	s	4
pi	√	1
pi	o	6
pi	e	2
pi	r	7
pi	n	5
pi	a	6
pi	d	2
sg	u	1
sg	i	1
sg	a	10
sg	√	1
sg	o	10
sg	e	2
sg	r	7
ta	!	3
ta	j	1
ta	q	2
ta	;	1
ta	u	1
ta	g	2
ta	:	4
ta	t	3
ta	a	5
ta	b	5
ta	,	15
ta	c	11
ta	p	8
ta	r	49
ta	e	5
ta	s	44
ta	n	45
ta	d	40
ta	o	16
ta	√	3
ta	l	17
ta	m	26
ta	v	44
ta	i	9
ta	.	4
ta	h	1
,v	e	5
,v	o	4
,v	a	5
,v	i	9
ej	u	4
ej	√	3
ej	o	8
ej	e	2
ej	a	15
il	d	1
il	,	3
il	a	33
il	v	2
il	i	6
il	p	2
il	c	2
il	e	5
il	l	1
il	√	4
il	o	2
il	.	1
il	h	32
il	;	1
il	u	4
il	g	1
mi	c	1
mi	√	1
mi	u	1
mi	m	10
mi	r	13
mi	t	6
mi	g	21
mi	s	6
mi	a	6
mi	n	32
mi	l	8
mi	d	8
cl	√	2
cl	o	1
cl	i	4
cl	a	14
cl	e	3
≠m	i	1
rp	a	7
rp	e	10
rp	r	4
rp	o	3
rc	l	1
rc	h	4
rc	a	11
rc	e	2
rc	o	15
rc	i	4
mj	o	1
mj	e	1
mj	a	3
az	?	1
az	a	5
az	,	3
az	i	14
az	o	2
az	√	5
az	q	2
az	d	3
az	e	17
az	u	15
√ß	o	56
√ß	√	55
√ß	a	90
hp	a	1
hp	e	2
nn	y	4
r,	h	1
r,	e	7
r,	c	5
r,	p	1
r,	q	6
r,	d	5
r,	a	8
r,	n	5
r,	o	3
r,	√	3
r,	f	1
r,	s	4
r,	g	1
r,	u	2
ud	i	7
ud	a	15
ud	e	15
ud	.	1
ud	o	26
op	l	1
op	i	3
op	a	58
op	√	11
op	o	23
op	e	34
op	r	19
m:	e	1
fa	g	1
fa	z	17
fa	m	4
fa	,	1
fa	c	15
fa	√	1
fa	l	14
fa	t	3
fa	v	2
fa	i	2
fa	r	6
fa	n	13
fa	s	3
fa	u	1
fa	d	4
sd	i	15
sd	a	21
sd	o	50
sd	u	12
sd	e	145
:c	o	1
ic	t	1
ic	l	1
ic	h	4
ic	u	3
ic	e	7
ic	r	1
ic	i	11
ic	o	25
ic	a	72
ot	h	1
ot	u	4
ot	,	1
ot	a	22
ot	i	6
ot	√	1
ot	o	17
ot	r	5
ot	e	29
†b	o	1
†b	e	1
nc	l	2
nc	r	1
nc	e	9
nc	o	36
nc	h	11
nc	u	2
nc	a	43
nc	i	40
va	u	1
va	?	1
va	!	1
va	q	3
va	c	8
va	p	2
va	z	1
va	√	2
va	l	16
va	g	10
va	-	10
va	r	17
va	e	11
va	m	38
va	f	2
va	,	10
va	n	12
va	a	22
va	t	7
va	:	6
va	s	26
va	v	3
va	i	6
va	d	20
va	o	14
va	.	3
va	h	1
je	r	1
je	c	2
je	i	4
je	s	3
pn	e	1
on	z	2
on	r	1
on	j	2
on	c	9
on	i	16
on	o	33
on	√	15
on	h	23
on	u	11
on	d	50
on	q	1
on	g	18
on	t	43
on	s	84
on	f	25
on	a	30
on	v	4
on	e	13
£,	p	1
£,	s	1
£,	a	1
nq	u	17
mr	o	3
mr	a	5
mr	u	4
mr	e	14
:m	u	1
:m	a	5
.f	i	2
.f	o	2
.f	e	1
.f	r	1
a?	o	1
a?	.	1
a?	q	2
a?	p	1
r.	.	3
r.	o	2
r.	j	1
r.	l	1
r.	i	3
r.	m	1
r.	d	7
r.	a	1
r.	¬	1
xc	l	5
xc	e	6
âb	o	1
ee	u	3
ee	m	14
ee	s	46
ee	,	1
ee	f	1
ee	n	17
ee	l	14
ee	r	15
ee	c	1
ee	p	4
ee	o	5
ee	x	4
ee	i	3
ee	v	2
ee	d	1
mu	d	3
mu	c	1
mu	n	6
mu	s	5
mu	i	20
mu	r	19
mu	l	14
mu	m	34
√â	r	1
√â	u	1
√â	a	2
√â	b	1
mm	i	3
mm	e	4
mm	a	6
mm	√	1
mm	o	8
mm	u	6
≥h	a	1
£o	r	1
£o	j	1
£o	m	4
£o	i	1
£o	u	1
£o	;	2
£o	o	8
£o	(	1
£o	b	2
£o	s	20
£o	g	2
£o	-	3
£o	n	4
£o	d	33
£o	q	9
£o	a	10
£o	e	14
£o	!	2
£o	x	1
£o	v	9
£o	c	8
£o	p	10
£o	f	4
£o	,	29
£o	:	1
£o	t	9
£o	h	1
£o	.	8
£o	l	10
io	q	1
io	b	1
io	?	1
io	u	4
io	p	1
io	o	3
io	g	1
io	-	2
io	c	4
io	d	15
io	e	5
io	r	9
io	a	7
io	n	5
io	t	1
io	:	4
io	l	3
io	h	1
io	.	5
io	!	1
io	f	1
io	,	10
io	m	2
io	s	36
ae	e	1
ae	b	1
ae	a	2
ae	p	4
ae	c	6
ae	d	10
ae	s	36
ae	f	2
ae	m	22
ae	n	20
ae	x	7
ae	√	1
ae	l	16
ae	u	2
ae	v	4
ae	r	6
ae	t	9
ae	o	1
r√	¢	1
r√	≠	10
r√	†	5
r√	≥	4
r√	¥	1
r√	ß	10
r√	©	9
r√	™	6
r√	µ	3
r√	°	13
r√	£	11
°c	o	1
°c	l	1
°c	e	1
°c	u	1
°c	i	5
ri	x	1
ri	p	4
ri	v	2
ri	j	1
ri	q	2
ri	d	8
ri	z	3
ri	o	37
ri	b	5
ri	m	24
ri	g	18
ri	t	5
ri	s	33
ri	a	92
ri	n	34
ri	c	19
ri	e	6
ri	r	7
ri	u	5
ri	√	1
ri	l	4
ig	i	5
ig	u	20
ig	e	3
ig	r	6
ig	o	28
ig	n	12
ig	a	16
ln	u	1
ln	e	1
ln	o	2
na	j	1
na	-	1
na	g	1
na	n	3
na	t	9
na	p	6
na	o	2
na	u	1
na	;	1
na	i	1
na	x	1
na	!	1
na	f	1
na	,	22
na	v	15
na	d	19
na	q	9
na	h	3
na	.	3
na	b	3
na	√	13
na	l	8
na	s	48
na	e	8
na	r	16
na	m	7
na	c	12
na	a	3
et	u	8
et	√	6
et	o	25
et	a	26
et	i	18
et	r	19
et	e	53
a-	i	1
a-	g	1
a-	-	1
a-	a	1
a-	p	1
a-	c	2
a-	e	2
a-	r	1
a-	s	17
a-	l	14
a-	o	6
≠a	u	1
≠a	s	2
≠a	t	1
≠a	e	1
≠a	d	5
≠a	m	2
≠a	a	1
rq	u	20
bi	s	3
bi	d	1
bi	r	1
bi	e	1
bi	√	1
bi	o	5
bi	l	3
bi	n	8
bi	a	7
bi	g	4
bi	t	13
´c	o	1
fo	l	5
fo	m	1
fo	g	9
fo	i	11
fo	f	2
fo	s	10
fo	n	57
fo	r	62
ci	l	2
ci	e	3
ci	v	1
ci	t	8
ci	c	1
ci	p	10
ci	√	2
ci	o	22
ci	n	13
ci	a	56
ci	m	5
ci	s	4
ci	d	15
-d	i	1
-d	o	4
-d	e	3
oa	z	1
oa	b	3
oa	m	14
oa	i	2
oa	.	4
oa	o	22
oa	d	14
oa	t	6
oa	r	16
oa	c	17
oa	n	15
oa	a	5
oa	s	24
oa	,	6
oa	f	8
oa	g	6
oa	p	8
oa	v	5
oa	u	5
oa	;	2
oa	e	3
oa	q	7
oa	√	2
oa	l	27
av	o	16
av	√	7
av	r	5
av	e	35
av	a	165
av	i	62
id	i	9
id	r	3
id	e	23
id	o	47
id	√	7
id	a	60
†c	r	1
†c	a	1
†c	o	1
√£	,	3
√£	r	1
√£	e	6
√£	a	3
√£	q	1
√£	?	1
√£	s	3
√£	.	3
√£	o	208
rr	u	2
rr	i	14
rr	a	63
rr	e	35
rr	√	3
rr	o	20
am	!	5
am	m	3
am	v	1
am	f	1
am	,	6
am	t	4
am	c	4
am	n	2
am	s	4
am	-	21
am	.	1
am	h	1
am	u	17
am	a	141
am	p	11
am	o	50
am	b	20
am	√	25
am	l	6
am	d	8
am	q	2
am	r	1
am	e	66
am	i	27
dr	u	2
dr	i	8
dr	e	18
dr	√	1
dr	o	38
dr	a	9
xe	m	1
xe	r	3
to	z	1
to	!	5
to	.	5
to	v	3
to	b	2
to	i	2
to	l	5
to	√	3
to	o	5
to	m	18
to	r	14
to	n	25
to	a	16
to	g	1
to	-	1
to	d	73
to	q	6
to	:	3
to	t	4
to	p	8
to	c	6
to	s	60
to	f	5
to	,	37
to	;	2
to	u	13
to	j	2
to	e	17
,t	u	1
,t	√	6
,t	o	12
,t	e	3
,t	r	7
,t	i	9
oe	v	1
oe	a	2
oe	b	3
oe	q	2
oe	t	3
oe	s	31
oe	f	4
oe	d	8
oe	p	4
oe	c	2
oe	x	7
oe	l	16
oe	r	16
oe	e	1
oe	n	24
oe	m	28
oe	o	3
oe	i	3
"-	-	1
rh	u	1
rh	a	2
rh	e	1
lo	o	3
lo	t	2
lo	i	8
lo	j	1
lo	p	3
lo	b	1
lo	e	6
lo	c	5
lo	n	24
lo	a	1
lo	,	10
lo	m	2
lo	g	13
lo	;	1
lo	u	8
lo	s	36
lo	d	10
lo	x	1
lo	√	1
lo	l	1
lo	.	1
lo	r	10
†p	o	2
†p	r	2
aq	u	102
sb	i	1
sb	a	7
sb	u	2
sb	e	4
sb	r	16
sb	o	28
,n	u	8
,n	a	15
,n	e	5
,n	√	14
,n	o	17
ra	j	2
ra	¬	1
ra	e	19
ra	l	23
ra	√	50
ra	d	103
ra	s	75
ra	a	40
ra	n	120
ra	p	30
ra	g	8
ra	,	42
ra	f	15
ra	m	77
ra	v	43
ra	;	3
ra	r	47
ra	i	22
ra	.	17
ra	-	18
ra	h	1
ra	t	26
ra	u	17
ra	:	5
ra	q	13
ra	?	1
ra	z	13
ra	o	38
ra	b	9
ra	c	22
ra	(	1
ra	!	7
°s	o	1
°s	m	1
°s	,	2
°s	s	3
°s	d	4
°s	c	4
°s	v	3
°s	e	3
°s	t	3
18	3	1
18	5	1
18	7	3
iz	d	1
iz	p	1
iz	√	1
iz	.	1
iz	o	2
iz	n	1
iz	a	11
iz	e	10
iz	i	8
.a	q	1
.a	a	1
.a	g	3
.a	√	1
.a	o	3
.a	m	1
.a	f	1
.a	s	6
.a	l	2
.a	p	1
¥x	a	1
s-	t	1
s-	-	1
s-	n	1
s-	s	1
s-	o	1
s-	b	1
s-	q	1
s-	m	8
s-	e	3
nu	v	4
nu	e	1
nu	r	1
nu	d	1
nu	m	45
nu	o	4
nu	s	3
nu	a	2
nu	n	9
eq	u	57
se	!	1
se	x	1
se	q	11
se	.	3
se	h	2
se	i	9
se	j	7
se	f	6
se	,	12
se	:	2
se	t	11
se	s	40
se	p	15
se	v	9
se	g	11
se	-	3
se	n	67
se	a	38
se	r	38
se	e	17
se	d	36
se	u	91
se	c	22
se	m	69
se	o	12
se	b	5
se	l	11
oh	m	2
oh	l	2
oh	r	1
oh	f	2
oh	g	2
oh	t	1
oh	c	6
oh	p	3
oh	a	1
oh	v	2
oh	i	1
oh	u	1
oh	o	3
√≠	g	1
√≠	u	1
√≠	o	2
√≠	r	1
√≠	m	1
√≠	f	1
√≠	,	2
√≠	t	3
√≠	n	9
√≠	a	13
√≠	c	9
√≠	p	1
√≠	l	6
√≠	v	7
√≠	i	1
√≠	s	8
√≠	d	2
√≠	q	1
d√	°	1
d√	£	6
d√	™	5
s.	t	1
s.	c	4
s.	n	2
s.	q	1
s.	√	1
s.	f	1
s.	s	1
s.	o	5
s.	.	19
s.	b	1
s.	m	6
s.	a	5
s.	¬	1
s.	i	3
s.	v	1
s.	e	5
s.	p	2
s.	j	3
hu	√	1
hu	r	1
hu	v	4
hu	m	11
ai	z	2
ai	e	1
ai	l	1
ai	u	1
ai	v	1
ai	b	1
ai	a	47
ai	t	2
ai	:	1
ai	n	36
ai	r	17
ai	g	2
ai	s	55
ai	d	7
ai	o	6
ai	.	1
ai	m	5
ai	,	4
ai	!	2
ai	x	15
ai	p	1
zn	o	2
eo	o	2
eo	l	5
eo	v	2
eo	g	2
eo	b	3
eo	m	10
eo	s	35
eo	,	2
eo	f	4
eo	u	15
eo	r	5
eo	e	4
eo	i	4
eo	p	8
eo	c	8
eo	q	3
eo	a	9
eo	n	4
eo	j	3
eo	t	5
sf	l	1
sf	u	4
sf	√	2
sf	o	14
sf	r	6
sf	e	8
sf	i	14
sf	a	10
nh	u	1
nh	√	8
nh	o	57
nh	a	80
nh	e	14
rd	u	3
rd	a	28
rd	i	14
rd	o	26
rd	e	55
nx	a	1
os	!	2
os	e	125
os	t	59
os	c	35
os	p	28
os	i	14
os	.	23
os	o	63
os	a	74
os	d	85
os	s	50
os	f	12
os	m	33
os	r	28
os	n	4
os	√	10
os	l	10
os	q	14
os	¬	2
os	b	11
os	v	13
os	;	5
os	:	3
os	u	8
os	h	4
os	-	3
os	,	72
os	g	3
os	j	5
os	?	1
:p	o	1
:p	r	1
ma	!	2
ma	z	1
ma	j	1
ma	o	4
ma	?	1
ma	q	4
ma	p	11
ma	b	4
ma	m	22
ma	a	9
ma	h	5
ma	.	2
ma	i	80
ma	v	31
ma	√	6
ma	l	37
ma	u	2
ma	t	19
ma	g	22
ma	e	13
ma	r	73
ma	s	89
ma	,	2
ma	f	10
ma	c	27
ma	d	29
ma	n	56
sm	i	3
sm	u	4
sm	√	9
sm	o	31
sm	e	12
sm	a	38
,-	-	1
,-	r	1
,-	d	2
,-	c	1
ss	a	68
ss	u	23
ss	o	46
ss	√	12
ss	i	26
ss	e	82
ue	g	1
ue	q	1
ue	!	1
ue	x	1
ue	v	11
ue	u	3
ue	;	1
ue	h	2
ue	.	1
ue	z	2
ue	j	2
ue	i	20
ue	s	33
ue	o	36
ue	d	15
ue	c	13
ue	p	8
ue	n	29
ue	a	24
ue	e	25
ue	r	26
ue	√	3
ue	l	55
ue	t	10
ue	f	3
ue	,	13
ue	m	16
ue	(	1
sr	u	9
sr	i	1
sr	e	10
sr	a	11
sr	√	1
sr	o	11
sr	.	13
ap	p	1
ap	u	2
ap	i	1
ap	l	5
ap	√	16
ap	o	33
ap	n	1
ap	a	69
ap	r	18
ap	e	40
-a	h	1
-a	√	1
-a	a	1
-a	n	1
-a	p	2
-a	z	1
-a	m	2
-a	g	1
-a	i	1
£q	u	1
°l	h	1
°l	i	9
°l	d	1
,c	l	2
,c	e	1
,c	r	1
,c	h	5
,c	u	3
,c	a	4
,c	o	68
zd	e	7
zd	o	4
£.	m	1
£.	.	2
ls	e	2
ls	a	2
ls	i	2
ls	√	2
ls	o	4
hg	r	2
un	o	1
un	u	1
un	h	4
un	a	12
un	s	3
un	e	3
un	i	7
un	g	2
un	t	14
un	d	31
un	c	9
)r	o	1
rv	e	7
rv	i	6
rv	a	8
rv	o	14
âa	g	1
âa	h	1
es	r	1
es	!	4
es	n	2
es	q	14
es	j	1
es	b	7
es	l	7
es	√	15
es	-	4
es	g	9
es	o	31
es	h	2
es	.	12
es	f	16
es	,	52
es	m	22
es	a	70
es	:	5
es	t	121
es	c	69
es	p	53
es	s	80
es	i	11
es	v	5
es	;	3
es	u	14
es	e	88
es	d	50
iq	u	2
ru	i	4
ru	l	3
ru	t	1
ru	g	3
ru	s	2
ru	d	1
ru	e	1
ru	b	4
ru	√	6
ru	m	19
ru	z	9
ru	n	8
ru	a	5
sa	z	1
sa	i	7
sa	u	9
sa	;	3
sa	m	21
sa	c	13
sa	h	1
sa	.	7
sa	a	4
sa	l	20
sa	√	9
sa	q	3
sa	d	31
sa	r	37
sa	e	10
sa	b	16
sa	o	13
sa	:	3
sa	t	11
sa	-	1
sa	g	10
sa	n	41
sa	p	10
sa	s	44
sa	f	5
sa	,	20
sa	v	14
)e	n	1
™-	l	2
pr	a	11
pr	e	45
pr	√	3
pr	o	33
pr	i	25
,e	i	1
,e	t	2
,e	l	3
,e	q	4
,e	v	3
,e	o	1
,e	r	7
,e	e	3
,e	p	4
,e	c	4
,e	u	5
,e	s	27
,e	a	12
,e	n	23
,e	f	1
,e	,	2
,e	m	10
,e	x	13
,e	d	4
,e	j	1
5,	q	1
5,	e	1
sv	√	3
sv	o	3
sv	a	9
sv	e	18
sv	i	9
75	,	2
≥c	u	3
an	i	8
an	n	4
an	a	31
an	√	28
an	o	61
an	c	43
an	e	23
an	d	174
an	q	6
an	h	15
an	u	16
an	t	136
an	g	11
an	j	5
an	s	14
ca	¬	1
ca	h	1
ca	.	5
ca	!	2
ca	a	1
ca	p	6
ca	b	9
ca	i	5
ca	v	17
ca	-	2
ca	s	54
ca	m	17
ca	f	4
ca	,	21
ca	q	2
ca	d	30
ca	u	2
ca	;	2
ca	c	4
ca	r	77
ca	e	6
ca	√	8
ca	l	20
ca	:	2
ca	t	11
ca	n	40
pu	d	1
pu	m	2
pu	b	1
pu	n	1
pu	r	2
pu	c	1
pu	x	2
pu	s	7
pu	l	4
e1	8	4
,i	l	2
,i	m	3
,i	a	4
,i	n	11
,i	r	1
lu	s	1
lu	v	1
lu	a	2
lu	n	1
lu	√	3
lu	p	1
lu	c	2
lu	z	13
lu	m	12
lu	d	7
lu	x	10
lu	t	2
lu	g	3
.h	a	1
pa	.	1
pa	!	1
pa	p	10
pa	g	9
pa	t	8
pa	r	129
pa	i	25
pa	v	5
pa	z	18
pa	s	33
pa	n	12
pa	d	16
pa	q	1
pa	l	20
pa	√	7
pa	u	4
pa	;	1
pa	c	5
ßa	p	1
ßa	!	1
ßa	?	1
ßa	e	2
ßa	o	1
ßa	-	1
ßa	d	23
ßa	q	5
ßa	f	1
ßa	,	9
ßa	m	2
ßa	r	10
ßa	j	1
ßa	s	13
ßa	t	2
ßa	:	1
ßa	a	2
ßa	n	7
ßa	.	3
ßa	v	3
ßa	c	1
√†	m	4
√†	a	2
√†	s	2
√†	o	1
√†	b	2
√†	p	4
√†	c	3
√†	e	2
√†	r	1
√†	i	2
√†	v	1
√†	l	2
√†	t	2
√†	f	7
√†	d	4
√†	n	1
√†	h	1
er	¬	1
er	!	1
er	.	1
er	j	1
er	b	2
er	q	5
er	p	4
er	s	10
er	f	4
er	,	11
er	n	26
er	a	141
er	d	23
er	r	47
er	e	61
er	t	27
er	-	4
er	g	16
er	l	1
er	√	19
er	o	30
er	c	9
er	m	10
er	u	10
er	i	31
er	v	17
ao	o	1
ao	t	4
ao	q	2
ao	d	3
ao	j	2
ao	h	1
ao	r	9
ao	a	11
ao	n	7
ao	s	36
ao	f	15
ao	c	12
ao	p	23
ao	l	25
ao	i	1
ao	v	7
ao	m	11
ao	b	6
ao	e	5
ao	u	6
me	p	2
me	b	2
me	v	1
me	u	24
me	g	4
me	m	16
me	.	2
me	n	101
me	a	2
me	d	15
me	i	9
me	r	14
me	e	3
me	,	4
me	f	1
me	s	34
me	x	3
me	l	32
me	√	9
me	t	6
me	c	6
po	.	1
po	t	1
po	r	59
po	e	9
po	a	3
po	n	9
po	s	18
po	b	8
po	i	26
po	v	1
po	u	13
po	√	1
po	l	9
po	d	9
po	,	1
po	p	3
fl	i	1
fl	√	1
fl	o	6
fl	e	1
fl	a	1
si	e	1
si	p	2
si	g	3
si	r	1
si	m	18
si	d	13
si	o	3
si	n	25
si	a	10
si	t	12
si	√	5
si	l	12
si	h	1
si	u	2
si	c	4
si	s	6
si	v	4
di	l	2
di	√	4
di	g	12
di	o	9
di	f	6
di	s	29
di	c	6
di	n	6
di	a	55
di	m	8
di	z	14
di	u	3
di	e	1
di	r	7
di	t	5
di	d	11
di	v	1
≥v	e	4
ow	h	1
uz	p	1
uz	c	1
uz	e	4
uz	.	2
uz	d	2
uz	,	4
uz	i	2
uz	a	7
uz	n	1
be	:	1
be	u	1
be	!	1
be	i	4
be	r	23
be	n	24
be	a	3
be	s	4
be	q	2
be	d	2
be	b	6
be	.	1
be	l	21
be	√	2
be	m	9
be	,	1
.t	o	2
.t	e	3
.t	i	3
.t	u	1
za	g	2
za	n	8
za	a	1
za	d	13
za	q	2
za	v	3
za	i	1
za	m	1
za	,	3
za	p	1
za	r	4
za	s	3
za	√	1
za	l	1
od	i	20
od	u	12
od	a	87
od	o	68
od	e	139
oc	t	1
oc	i	3
oc	r	4
oc	e	10
oc	h	12
oc	u	11
oc	√	3
oc	o	56
oc	a	39
:v	i	1
mb	a	13
mb	i	4
mb	o	8
mb	√	16
mb	e	15
mb	r	45
¬´	o	1
¬´	s	2
¬´	c	1
¬´	p	1
¬´	u	1
¬´	q	1
¬´	d	1
¬´	a	3
or	!	1
or	-	1
or	g	2
or	q	5
or	y	1
or	s	4
or	h	2
or	√	16
or	l	3
or	j	1
or	n	14
or	i	16
or	a	116
or	c	10
or	p	9
or	e	73
or	r	36
or	u	9
or	b	3
or	o	17
or	m	24
or	f	6
or	,	14
or	d	40
or	:	1
or	t	64
or	v	4
el	-	1
el	t	1
el	d	1
el	m	2
el	z	1
el	a	124
el	n	1
el	i	28
el	v	2
el	.	2
el	h	54
el	;	1
el	u	19
el	e	76
el	f	1
el	,	6
el	o	49
el	l	1
el	√	5
el	c	4
el	q	1
el	s	4
mh	o	1
mh	a	5
∫m	e	1
l√	£	3
l√	ß	3
l√	¥	2
l√	™	8
l√	∫	1
l√	≠	6
l√	≥	2
l√	°	24
l√	©	6
´a	m	1
´a	p	1
´a	i	1
he	j	1
he	.	2
he	n	2
he	e	3
he	,	2
he	f	5
he	;	1
he	u	1
he	l	4
he	c	16
he	p	7
he	t	26
he	g	11
he	r	18
he	b	1
he	o	3
he	q	2
he	d	9
he	a	8
he	i	13
he	s	4
he	m	3
uw	h	2
ve	j	1
ve	c	1
ve	,	1
ve	e	3
ve	r	67
ve	n	27
ve	a	4
ve	-	1
ve	s	19
ve	l	46
ve	i	12
ve	u	2
ve	z	16
ve	m	5
ve	t	3
ve	d	3
ve	o	2
Åu	s	1
e√	™	1
e√	Å	1
e√	©	4
e√	°	10
e√	≠	1
e√	†	2
e√	ß	15
e√	£	1
:√	°	1
h,	p	1
ab	s	3
ab	u	3
ab	y	1
ab	l	1
ab	√	1
ab	o	10
ab	a	19
ab	e	30
ab	r	14
ab	i	14
;o	r	1
;o	u	3
ut	i	1
ut	u	1
ut	h	1
ut	a	5
ut	e	2
ut	r	18
ut	√	2
ut	o	16
©o	m	1
©o	l	1
†n	o	1
.q	u	4
em	q	7
em	h	1
em	.	2
em	m	7
em	!	2
em	g	1
em	-	2
em	i	16
em	,	3
em	f	10
em	r	8
em	u	12
em	d	16
em	t	16
em	1	1
em	e	41
em	l	16
em	√	10
em	o	25
em	b	23
em	p	41
em	c	9
em	a	34
em	n	4
em	v	6
em	s	16
rs	t	1
rs	u	1
rs	i	2
rs	a	7
rs	o	4
rs	e	6
o√	©	1
o√	´	1
o√	≥	2
o√	ß	8
o√	†	7
o√	≠	2
o√	£	3
o√	°	3
at	t	1
at	,	1
at	l	1
at	i	26
at	e	34
at	r	37
at	u	14
at	a	30
at	o	23
at	√	20
lb	u	3
re	l	15
re	o	18
re	p	26
re	c	52
re	(	1
re	b	4
re	;	1
re	v	27
re	n	39
re	q	2
re	d	36
re	s	110
re	f	7
re	m	28
re	j	6
re	z	11
re	,	10
re	g	16
re	-	2
re	t	20
re	a	27
re	r	10
re	e	4
re	:	3
re	u	11
re	i	21
re	.	4
re	√	1
re	y	1
re	x	1
©i	.	1
©i	s	2
-c	e	1
-c	a	1
-c	h	1
-c	o	4
-c	i	1
vi	!	1
vi	o	2
vi	b	1
vi	e	7
vi	r	16
vi	z	2
vi	m	1
vi	v	26
vi	i	1
vi	n	20
vi	a	47
vi	s	11
vi	d	21
vi	l	27
vi	c	1
vi	u	3
©,	b	1
©,	g	1
©,	c	1
©,	n	1
©,	s	1
a,	b	1
a,	-	1
a,	g	1
a,	i	3
a,	h	2
a,	¬	1
a,	v	5
a,	l	2
a,	√	4
a,	c	16
a,	n	14
a,	a	34
a,	e	36
a,	r	3
a,	s	18
a,	f	7
a,	o	15
a,	u	8
a,	p	10
a,	m	7
a,	q	12
a,	d	21
a,	t	7
87	0	1
87	5	2
≠,	f	1
≠,	n	1
sh	m	2
sh	u	2
sh	e	1
sh	o	7
sh	√	1
ed	a	44
ed	.	3
ed	o	55
ed	u	13
ed	i	31
ed	r	47
ed	e	120
d.	p	2
d.	c	1
d.	b	1
d.	d	2
d.	j	3
d.	m	6
¬ª	,	3
¬ª	.	2
¬ª	d	2
¬ª	-	1
,d	a	8
,d	.	1
,d	o	7
,d	u	6
,d	i	7
,d	e	53
ho	q	1
ho	e	3
ho	t	1
ho	.	5
ho	!	3
ho	u	2
ho	c	2
ho	d	10
ho	r	44
ho	s	31
ho	v	2
ho	j	2
ho	g	1
ho	-	2
ho	n	8
ho	a	3
ho	√	1
ho	l	5
ho	p	5
ho	b	1
ho	m	8
ho	f	1
ho	,	20
zi	d	3
zi	a	20
zi	n	3
jo	d	1
jo	o	1
jo	s	3
jo	f	1
jo	l	1
jo	√	3
jo	.	1
jo	b	1
jo	n	2
jo	a	1
jo	u	2
jo	c	1
jo	e	6
jo	r	1
jo	g	2
of	f	1
of	r	4
of	e	8
of	i	11
of	o	17
of	a	7
of	u	17
h!	o	1
um	n	2
um	h	4
um	s	4
um	d	5
um	l	2
um	√	3
um	b	18
um	q	1
um	f	10
um	r	14
um	e	20
um	a	164
um	c	25
um	p	20
um	g	8
um	t	10
um	j	5
um	i	13
um	v	6
um	u	8
um	m	13
um	o	11
mt	i	5
mt	u	2
mt	a	6
mt	r	5
mt	e	8
mt	√	1
mt	o	7
vr	e	4
vr	o	6
vr	a	6
ha	i	1
ha	j	1
ha	?	1
ha	√	1
ha	l	9
ha	-	1
ha	.	3
ha	t	1
ha	:	1
ha	e	5
ha	b	5
ha	o	2
ha	n	15
ha	a	6
ha	s	22
ha	d	28
ha	p	8
ha	c	3
ha	m	38
ha	,	10
ha	r	20
ha	v	16
ha	u	6
ua	p	4
ua	g	5
ua	u	1
ua	;	1
ua	b	3
ua	i	2
ua	z	1
ua	e	3
ua	a	10
ua	d	11
ua	q	3
ua	v	6
ua	s	44
ua	,	7
ua	f	5
ua	n	31
ua	l	13
ua	t	4
ua	m	9
ua	.	2
ua	o	3
ua	r	20
ua	c	7
ª-	d	1
,s	c	1
,s	a	3
,s	u	5
,s	e	29
,s	√	4
,s	o	15
sc	l	1
sc	r	19
sc	e	17
sc	i	9
sc	a	34
sc	h	3
sc	u	21
sc	√	5
sc	o	66
;r	e	1
√©	b	1
√©	j	1
√©	q	1
√©	o	2
√©	i	3
√©	.	1
√©	l	2
√©	√	1
√©	g	3
√©	t	2
√©	r	6
√©	e	2
√©	m	20
√©	f	1
√©	,	5
√©	n	3
√©	a	8
√©	c	7
√©	p	3
√©	s	14
√©	u	13
√©	d	12
ep	s	1
ep	l	2
ep	i	6
ep	u	9
ep	e	30
ep	r	15
ep	√	9
ep	o	44
ep	a	54
lp	t	1
lp	i	3
lp	e	2
lp	r	1
lp	a	1
√™	d	1
√™	x	1
√™	!	1
√™	b	1
√™	s	14
√™	m	2
√™	-	2
√™	n	15
ul	p	5
ul	c	1
ul	a	13
ul	n	1
ul	e	7
ul	t	11
ul	-	2
ul	g	4
ul	h	16
ul	u	1
ul	o	20
ul	√	1
ul	,	4
ul	s	3
ul	i	1
ul	v	1
†l	e	1
†l	i	1
ac	c	4
ac	l	1
ac	t	6
ac	i	13
ac	u	10
ac	h	20
ac	e	34
ac	r	10
ac	a	74
ac	√	10
ac	o	65
lt	u	7
lt	r	3
lt	e	4
lt	a	29
lt	i	2
lt	√	1
lt	o	10
do	w	1
do	n	27
do	s	154
do	c	28
do	p	34
do	)	1
do	d	53
do	g	5
do	,	50
do	f	13
do	t	16
do	u	20
do	:	6
do	e	43
do	r	64
do	b	10
do	o	33
do	√	5
do	l	12
do	a	68
do	-	27
do	h	1
do	.	14
do	i	11
do	m	21
do	j	5
do	q	9
do	!	2
do	;	1
do	v	4
l-	c	1
l-	p	1
l-	f	1
ba	!	1
ba	m	1
ba	t	7
ba	c	2
ba	l	7
ba	q	1
ba	d	6
ba	f	4
ba	s	10
ba	r	16
ba	n	10
ba	i	15
nz	i	1
nz	e	4
af	l	1
af	u	4
af	e	4
af	r	13
af	√	6
af	o	64
af	a	30
af	i	16
lh	i	6
lh	√	1
lh	o	68
lh	a	54
lh	e	94
âu	m	1
†f	r	1
†f	e	1
†f	o	2
†f	a	3
ir	-	2
ir	g	2
ir	v	1
ir	b	1
ir	t	4
ir	m	2
ir	r	8
ir	e	6
ir	o	42
ir	l	3
ir	√	1
ir	a	87
ir	,	8
ir	c	2
ir	p	1
ir	s	1
ir	.	2
ir	h	1
ir	u	1
ir	d	5
ir	i	4
e-	s	1
e-	o	2
e-	m	1
e-	e	2
e-	l	1
e-	-	2
e-	n	2
e-	g	1
e-	i	1
ßo	q	2
ßo	d	10
ßo	s	15
ßo	,	11
ßo	-	1
ßo	n	3
ßo	a	1
ßo	:	1
ßo	c	3
ßo	u	3
ßo	;	1
ßo	.	1
ßo	e	1
ßo	r	3
du	c	2
du	v	1
du	e	1
du	r	8
du	a	13
du	z	3
du	m	41
ga	.	1
ga	z	1
ga	o	2
ga	u	1
ga	c	1
ga	e	1
ga	d	22
ga	r	16
ga	v	7
ga	p	2
ga	s	10
ga	m	7
ga	f	2
ga	,	5
ga	√	2
ga	l	9
ga	(	1
ga	b	1
ga	n	10
ga	-	1
ga	:	1
ga	t	1
li	,	3
li	p	2
li	e	1
li	s	27
li	n	22
li	a	21
li	b	7
li	o	3
li	z	8
li	m	2
li	c	21
li	g	3
li	t	6
li	u	1
li	v	12
li	d	21
pl	i	2
pl	y	1
pl	u	1
pl	√	1
pl	o	2
pl	a	9
pl	e	7
≥d	e	2
≥d	i	5
nr	o	1
nr	a	2
£a	c	1
£a	s	1
£a	m	1
ja	m	3
ja	s	6
ja	d	5
ja	t	1
ja	c	5
ja	p	1
ja	i	1
ja	v	2
ja	e	1
ja	r	10
ja	a	1
ja	n	13
co	!	1
co	e	2
co	.	2
co	v	2
co	t	5
co	a	5
co	-	1
co	n	86
co	d	8
co	q	3
co	m	163
co	,	9
co	√	1
co	l	25
co	b	20
co	s	35
co	p	5
co	c	4
co	i	9
co	r	47
co	;	2
co	u	4
-s	i	1
-s	c	1
-s	o	2
-s	√	1
-s	e	62
e,	b	2
e,	m	2
e,	f	1
e,	i	3
e,	l	7
e,	√	5
e,	n	8
e,	q	8
e,	o	8
e,	s	5
e,	v	4
e,	u	4
e,	c	13
e,	p	6
e,	d	12
e,	¬	1
e,	a	25
e,	g	4
e,	t	13
e,	e	16
e,	r	4
o!	j	1
o!	i	2
o!	e	2
o!	q	1
o!	m	1
o!	a	1
o!	n	2
†s	u	2
≠v	a	2
≠v	i	1
≠v	e	4
qu	o	1
qu	√	1
qu	i	41
qu	a	57
qu	e	318
ne	a	2
ne	o	3
ne	f	1
ne	x	1
ne	!	1
ne	b	3
ne	n	1
ne	u	3
ne	.	2
ne	l	15
ne	?	1
ne	y	1
ne	:	1
ne	t	9
ne	g	17
ne	c	9
ne	p	1
ne	s	16
ne	r	8
ne	d	1
ne	v	5
ne	i	2
ne	z	3
ne	m	2
vo	m	1
vo	r	17
vo	e	1
vo	t	4
vo	a	6
vo	-	1
vo	n	1
vo	s	5
vo	,	5
vo	z	12
vo	l	24
vo	√	2
vo	u	4
vo	c	1
ie	u	1
ie	m	2
ie	s	2
ie	l	3
ie	t	4
ie	d	5
ie	a	1
ie	n	8
ie	i	1
ie	r	7
,b	e	3
,b	r	2
,b	a	7
tr	u	3
tr	√	12
tr	o	38
tr	a	80
tr	i	29
tr	e	36
s,	i	3
s,	m	6
s,	g	1
s,	r	3
s,	f	6
s,	u	4
s,	t	7
s,	d	18
s,	p	12
s,	c	20
s,	q	8
s,	e	27
s,	a	26
s,	n	14
s,	¬	1
s,	s	14
s,	o	21
s,	b	2
s,	v	6
s,	√	4
s,	l	3
s,	j	4
ob	s	4
ob	l	1
ob	u	2
ob	i	9
ob	t	2
ob	b	1
ob	!	1
ob	o	8
ob	√	1
ob	e	14
ob	r	68
ob	a	13
(d	e	1
ns	r	1
ns	q	1
ns	.	2
ns	u	1
ns	p	3
ns	d	10
ns	e	11
ns	t	15
ns	s	3
ns	o	60
ns	√	2
ns	b	1
ns	i	9
ns	v	1
ns	f	3
ns	,	7
ns	m	1
ns	c	3
ns	a	10
-e	j	1
-e	p	3
-e	t	1
-e	e	1
-e	s	2
-e	f	2
-e	,	2
-e	o	2
-e	n	5
-e	a	3
e¬	´	1
,p	u	2
,p	l	2
,p	o	5
,p	a	20
,p	r	6
,p	e	17
pe	e	1
pe	s	15
pe	c	4
pe	p	1
pe	t	7
pe	r	48
pe	n	26
pe	d	54
pe	q	6
pe	l	59
pe	√	4
pe	u	1
pe	i	5
pe	,	2
y,	h	1
.¬	ª	4
.¬	™	2
en	x	1
en	g	1
en	z	1
en	r	2
en	c	50
en	t	216
en	d	64
en	q	4
en	u	13
en	h	31
en	l	2
en	√	21
en	o	20
en	a	31
en	e	28
en	s	28
en	f	26
en	i	17
en	v	8
,o	i	1
,o	g	1
,o	o	1
,o	b	4
,o	p	8
,o	r	4
,o	e	4
,o	s	23
,o	f	1
,o	c	7
,o	u	5
,o	n	6
,o	a	3
,o	v	2
,o	m	6
,o	j	1
,o	√	1
,o	l	3
∫l	t	1
ia	c	10
ia	j	4
ia	t	7
ia	u	13
ia	:	6
ia	)	1
ia	d	45
ia	f	7
ia	m	42
ia	;	7
ia	v	10
ia	a	32
ia	e	30
ia	s	76
ia	n	35
ia	i	7
ia	.	14
ia	r	9
ia	l	10
ia	√	1
ia	,	43
ia	g	3
ia	h	1
ia	-	11
ia	p	15
ia	b	4
ia	q	4
ia	o	12
ia	¬	1
ia	!	4
m1	8	1
te	j	1
te	e	25
te	r	65
te	d	44
te	)	1
te	p	14
te	l	10
te	√	4
te	m	22
te	,	64
te	f	1
te	s	51
te	i	13
te	.	14
te	o	8
te	a	23
te	!	3
te	;	2
te	v	10
te	¬	1
te	n	20
te	u	7
te	:	5
te	t	1
te	q	7
te	?	1
te	z	4
te	h	2
te	-	2
te	c	14
te	(	1
.v	e	1
.v	i	2
-i	g	1
-i	s	2
-i	a	1
h.	t	1
us	!	1
us	q	1
us	b	2
us	n	2
us	s	2
us	l	3
us	d	4
us	i	6
us	.	1
us	h	1
us	c	14
us	p	10
us	o	9
us	;	1
us	r	2
us	e	11
us	a	12
us	g	6
us	t	11
us	m	2
us	f	2
us	,	9
su	j	2
su	c	3
su	p	7
su	m	10
su	s	6
su	r	8
su	l	1
su	a	55
su	b	7
su	√	3
≠l	i	6
im	.	1
im	!	1
im	v	1
im	m	1
im	u	1
im	;	2
im	p	10
im	c	1
im	e	17
im	r	1
im	a	30
im	t	1
im	:	1
im	-	1
im	i	7
im	d	10
im	b	6
im	o	14
im	√	2
im	,	8
rg	i	1
rg	a	17
rg	√	2
rg	o	4
rg	e	2
rg	u	13
ml	a	2
ml	u	3
ml	h	2
ml	√	4
ml	o	3
ml	e	2
ml	i	10
†d	o	1
†d	e	3
.n	i	1
.n	a	1
.n	√	1
.n	o	2
.n	e	3
mp	u	2
mp	i	3
mp	a	25
mp	√	2
mp	o	26
mp	r	23
mp	e	11
mp	l	7
is	r	1
is	?	2
is	-	6
is	g	1
is	!	1
is	n	3
is	u	1
is	;	1
is	q	4
is	√	5
is	l	2
is	.	3
is	o	15
is	b	32
is	)	1
is	c	9
is	p	12
is	:	1
is	t	70
is	a	24
is	i	8
is	v	2
is	s	24
is	d	14
is	f	6
is	,	15
is	m	8
is	e	16
´m	a	1
zq	u	3
oq	u	55
.d	i	1
.d	u	2
.d	e	7
.d	a	1
.d	.	7
a!	v	1
a!	q	1
a!	o	1
a!	√	2
a!	.	2
a!	e	1
a!	a	1
bo	v	1
bo	a	26
bo	n	6
bo	l	3
bo	r	7
bo	e	2
bo	j	1
bo	t	3
bo	,	1
bo	m	5
bo	c	3
bo	s	5
bo	!	1
bo	;	1
≥m	i	1
≥m	o	1
†o	u	1
le	q	2
le	e	1
le	v	13
le	p	5
le	o	2
le	g	10
le	f	1
le	,	10
le	s	27
le	j	2
le	:	1
le	t	7
le	r	11
le	n	45
le	a	5
le	l	1
le	√	2
le	i	8
le	b	2
le	(	1
le	m	12
le	d	12
le	c	13
le	x	2
r)	,	1
om	n	7
om	v	1
om	q	2
om	f	3
om	,	3
om	g	2
om	m	3
om	e	68
om	r	2
om	b	34
om	o	76
om	l	1
om	√	6
om	u	33
om	p	17
om	c	1
om	t	3
om	i	14
om	a	54
om	s	6
om	d	3
sn	√	4
sn	o	10
sn	e	2
sn	u	5
sn	a	6
mn	u	1
mn	a	1
mn	i	1
mn	e	3
mn	o	9
mn	√	1
∫,	l	1
ef	u	3
ef	l	3
ef	o	12
ef	i	10
ef	a	12
ef	e	11
ef	r	10
-q	u	9
iv	o	8
iv	√	1
iv	a	17
iv	i	10
iv	r	11
iv	e	19
nt	,	1
nt	u	4
nt	i	35
nt	a	84
nt	√	9
nt	o	80
nt	r	47
nt	e	186
e.	p	2
e.	l	1
e.	d	1
e.	.	5
e.	m	2
e.	t	2
e.	e	6
e.	h	1
e.	a	2
¬™	m	1
¬™	d	1
t√	µ	2
t√	™	6
t√	≥	12
t√	£	29
t√	°	14
t√	©	13
t√	†	1
t√	∫	1
t√	≠	1
as	¬	2
as	!	6
as	n	16
as	t	38
as	o	45
as	q	24
as	)	1
as	c	36
as	b	4
as	m	25
as	;	6
as	u	41
as	a	82
as	v	17
as	i	33
as	j	5
as	f	19
as	,	77
as	d	74
as	l	8
as	√	12
as	h	5
as	.	23
as	p	30
as	r	22
as	e	89
as	s	94
as	-	5
as	g	12
so	i	2
so	o	2
so	v	1
so	j	1
so	¬	1
so	c	2
so	p	3
so	e	5
so	u	23
so	.	4
so	m	33
so	r	20
so	n	19
so	a	9
so	d	27
so	q	4
so	s	31
so	,	17
so	f	4
so	b	42
so	:	2
so	t	7
so	g	2
so	√	1
so	l	50
o,	j	1
o,	¬	1
o,	√	2
o,	l	1
o,	b	2
o,	v	3
o,	q	9
o,	-	2
o,	g	1
o,	f	7
o,	h	4
o,	t	8
o,	e	35
o,	r	7
o,	c	22
o,	p	14
o,	n	10
o,	a	29
o,	u	10
o,	d	19
o,	m	19
o,	i	7
o,	s	13
o,	o	27
sl	h	1
sl	u	5
sl	e	2
sl	a	3
sl	i	5
sl	√	5
sl	o	10
≠n	i	2
≠n	√	1
≠n	c	1
≠n	t	1
≠n	d	3
≠n	a	1
a.	j	1
a.	t	3
a.	e	7
a.	q	1
a.	d	4
a.	n	2
a.	a	4
a.	u	1
a.	m	6
a.	.	17
a.	o	5
a.	s	2
a.	f	3
a.	c	1
a.	p	1
.e	n	2
.e	q	1
.e	t	1
.e	l	6
.e	m	4
.e	f	1
.e	,	2
.e	o	2
.e	c	1
.e	x	1
.e	s	5
.e	e	2
.e	r	4
.e	a	3
.e	v	2
.e	i	1
.e	g	1
.e	d	2
85	8	1
;v	o	1
;v	i	1
oo	f	1
oo	l	7
oo	m	3
oo	t	1
oo	u	13
oo	b	1
oo	s	19
oo	e	2
oo	r	4
oo	j	2
oo	p	2
oo	c	4
oo	q	3
oo	d	2
oo	v	3
oo	n	1
oo	a	4
s¬	´	1
s¬	ª	4
≠d	o	2
.p	e	5
.p	a	4
8m	o	1
bu	m	1
bu	s	2
bu	t	1
bu	q	2
bu	n	5
bu	√	3
bu	l	5
bu	c	3
i,	r	1
i,	v	1
i,	i	2
i,	m	3
i,	-	1
i,	a	1
i,	n	2
∫n	i	1
∫n	c	1
.s	e	2
.s	a	1
og	i	2
og	u	4
og	a	3
og	e	2
og	r	5
og	√	6
og	o	20
-o	o	1
-o	l	1
-o	c	1
-o	p	1
-o	r	2
-o	a	1
-o	n	2
-o	h	1
-o	u	1
-o	m	1
-o	s	4
-o	,	1
-o	f	1
-o	q	1
-o	v	1
pt	u	1
v√	≥	4
v√	™	4
v√	≠	1
v√	¥	4
v√	£	4
v√	©	4
(o	n	1
rl	e	2
rl	h	1
rl	i	1
rl	a	9
rl	o	15
rl	√	1
°a	l	1
°a	e	1
°a	i	1
°a	c	1
°a	d	1
°a	n	1
da	!	2
da	;	1
da	¬	1
da	e	13
da	i	3
da	-	1
da	g	4
da	v	22
da	m	44
da	b	2
da	l	4
da	√	15
da	h	2
da	.	8
da	n	19
da	a	20
da	r	25
da	s	103
da	)	1
da	c	26
da	p	15
da	:	2
da	t	11
da	d	68
da	q	18
da	f	10
da	,	21
da	o	3
da	j	1
ur	g	1
ur	√	1
ur	a	59
ur	n	3
ur	o	27
ur	b	3
ur	p	1
ur	c	1
ur	i	8
ur	s	1
ur	t	2
ur	m	8
ur	e	3
ur	r	5
ur	d	3
.o	u	1
.o	m	1
.o	s	5
.o	p	4
.o	q	3
.o	e	1
.o	r	1
.o	a	4
.o	n	2
ol	d	3
ol	s	1
ol	√	11
ol	o	14
ol	u	13
ol	.	4
ol	h	43
ol	a	40
ol	n	1
ol	e	19
ol	:	1
ol	t	23
ol	i	23
ol	v	6
ol	c	2
ol	,	3
.c	r	1
.c	a	9
°,	f	1
°,	c	1
°,	p	1
°,	o	1
°,	b	1
°,	q	1
iu	v	1
iu	p	1
iu	e	2
iu	s	1
iu	n	2
iu	a	3
iu	,	2
iu	m	7
iu	b	1
iu	.	1
iu	o	1
o:	n	1
o:	a	2
o:	s	1
o:	l	1
o:	q	1
o:	d	1
o:	√	1
o:	o	1
o:	e	4
oi	c	1
oi	d	2
oi	t	15
oi	√	1
oi	o	5
oi	b	1
oi	e	1
oi	r	11
oi	m	3
oi	s	42
oi	a	4
oi	n	21
ei	,	1
ei	t	20
ei	g	1
ei	r	78
ei	n	16
ei	a	19
ei	o	12
ei	√	2
ei	x	11
ei	s	15
ei	d	4
ei	j	2
ei	p	1
ei	m	1
b√	°	2
b√	™	2
b√	∫	3
b√	≠	1
b√	©	15
©m	c	1
©m	,	2
©m	m	1
©m	d	3
©m	q	1
©m	a	3
©m	-	1
©m	n	1
©m	:	1
©m	e	1
©m	u	1
©m	.	2
©m	o	1
©m	l	1
√≥	c	3
√≥	h	1
√≥	i	6
√≥	v	4
√≥	r	15
√≥	,	3
√≥	m	2
√≥	p	2
√≥	s	9
√≥	b	1
√≥	t	2
√≥	n	6
√≥	√	2
√≥	l	10
√≥	d	7
√≥	u	1
uq	u	9
m,	r	1
m,	e	2
m,	t	1
m,	m	1
m,	n	1
m,	a	4
m,	o	1
m,	b	2
m,	q	1
m,	d	2
m,	v	1
m,	p	3
m,	c	1
e;	-	1
e;	a	2
e;	o	1
e;	e	4
,a	z	1
,a	v	1
,a	e	1
,a	m	3
,a	a	3
,a	i	1
,a	h	2
,a	s	17
,a	f	13
,a	o	19
,a	b	7
,a	r	9
,a	g	5
,a	t	3
,a	c	11
,a	p	15
,a	n	6
,a	q	7
,a	d	1
,a	√	1
,a	l	7
j√	≥	2
j√	°	18
lm	i	1
lm	o	2
lm	√	1
lm	a	14
lm	e	10
°d	a	1
°d	i	2
°d	e	2
√µ	e	23
°v	i	1
°v	e	10
mo	¬	1
mo	o	5
mo	,	3
mo	f	3
mo	-	1
mo	j	1
mo	m	10
mo	.	4
mo	t	3
mo	d	21
mo	q	2
mo	n	39
mo	a	7
mo	s	40
mo	r	61
mo	e	8
mo	√	4
mo	l	4
mo	b	2
mo	p	7
mo	c	3
mo	u	21
mo	i	5
up	l	1
up	√	1
up	o	4
up	e	16
up	r	7
up	a	12
up	i	2
ar	¬	1
ar	!	7
ar	b	5
ar	n	14
ar	q	10
ar	s	5
ar	t	37
ar	o	27
ar	)	1
ar	c	15
ar	p	9
ar	e	89
ar	r	39
ar	u	7
ar	.	5
ar	h	1
ar	d	52
ar	a	165
ar	g	18
ar	-	12
ar	f	3
ar	,	22
ar	m	14
ar	i	69
ar	v	8
ar	√	13
ar	l	22
58	m	1
:o	l	1
:o	s	2
:o	h	1
:o	u	1
:o	m	1
≥l	h	3
≥l	e	1
≥l	i	6
h√	≥	1
h√	µ	1
h√	£	9
h√	°	6
°b	i	5
°g	r	5
°g	u	15
md	u	5
md	a	4
md	.	1
md	o	6
md	i	7
md	r	1
md	e	21
≥i	a	2
≥i	c	1
≥i	s	3
xo	r	1
xo	c	1
xo	t	1
xo	u	3
xo	,	6
xo	s	2
xo	i	1
xo	d	6
xo	q	1
xo	a	1
xo	:	1
´d	a	1
fu	i	2
fu	l	2
fu	s	1
fu	r	4
fu	t	1
fu	g	5
fu	m	5
fu	n	20
ij	u	1
ij	e	1
ij	o	3
,u	i	1
,u	n	1
,u	m	28
br	u	7
br	o	11
br	a	69
br	e	50
br	i	31
ni	z	1
ni	r	1
ni	m	4
ni	o	3
ni	√	1
ni	s	8
ni	,	1
ni	f	4
ni	e	2
ni	t	13
ni	a	14
ni	n	14
ni	d	5
ni	c	8
ni	v	1
ip	a	8
ip	o	1
ip	i	7
ip	e	2
ip	r	2
°t	e	1
°t	r	1
°t	i	5
°t	u	4
°r	e	1
°r	a	2
°r	b	1
°r	v	5
°r	i	7
°r	m	8
e(	q	1
e(	c	1
e(	a	1
e(	o	1
ht	a	1
a)	a	1
a)	e	1
™x	t	1
ah	,	1
ah	i	2
ah	!	1
ah	o	6
ah	s	1
ah	a	9
ah	e	1
ah	u	4
ge	o	1
ge	l	1
ge	s	2
ge	d	1
ge	,	3
ge	m	11
ge	e	2
ge	r	3
ge	:	1
ge	a	2
ge	n	22
lv	√	1
lv	o	2
lv	i	1
lv	a	2
lv	e	6
uo	n	1
uo	l	1
uo	b	1
uo	m	1
uo	d	1
uo	r	1
uo	s	6
uo	u	4
uo	i	1
uo	v	2
v.	e	1
-n	√	3
-n	o	5
-n	e	1
-n	a	4
ex	h	1
ex	u	1
ex	t	3
ex	i	8
ex	e	3
ex	√	1
ex	o	2
ex	.	1
ex	p	6
ex	c	11
ex	a	5
s;	a	2
s;	n	1
s;	m	1
s;	e	8
s;	f	1
s;	s	1
s;	d	1
ce	a	2
ce	o	1
ce	m	2
ce	v	1
ce	.	3
ce	r	31
ce	s	18
ce	d	16
ce	q	3
ce	u	19
ce	n	25
ce	:	1
ce	t	8
ce	-	1
ce	g	2
ce	l	5
ce	i	4
ce	j	2
ce	,	5
ce	b	4
,h	u	2
,h	√	1
,h	o	2
,h	e	2
,h	a	1
xa	q	1
xa	,	1
xa	u	1
xa	c	1
xa	l	1
xa	s	4
xa	r	5
xa	g	2
s√	µ	3
s√	£	10
s√	©	9
s√	°	9
s√	≥	25
s√	∫	2
s√	≠	2
s√	†	5
aj	e	2
aj	a	5
aj	o	1
aj	√	4
aj	u	2
st	,	2
st	u	20
st	a	92
st	i	46
st	√	20
st	o	45
st	r	49
st	e	49
ju	p	1
ju	d	1
ju	i	2
ju	r	2
ju	s	2
ju	n	8
ju	l	3
de	h	4
de	.	2
de	!	2
de	z	3
de	o	23
de	q	12
de	b	23
de	n	25
de	;	3
de	u	25
de	d	32
de	m	41
de	√	9
de	l	47
de	i	37
de	1	4
de	e	30
de	r	51
de	s	172
de	p	68
de	c	67
de	v	40
de	j	8
de	a	62
de	-	4
de	g	9
de	t	20
de	f	25
de	,	15
,f	u	4
,f	r	3
,f	e	2
,f	a	4
,f	i	4
,f	l	1
,f	o	9
lg	r	1
lg	i	1
lg	o	4
lg	u	16
lg	a	3
ox	v	1
ox	.	1
-r	a	1
-r	e	2
x.	¬	1
x.	v	1
83	0	1
zo	s	1
zo	c	1
zo	,	1
zo	a	1
zo	n	1
u-	a	2
u-	o	1
u-	s	8
u-	l	4
u-	q	1
70	,	1
ez	o	1
ez	u	1
ez	,	1
ez	m	1
ez	l	1
ez	e	11
ez	p	1
ez	d	2
ez	-	3
ez	a	20
a:	v	1
a:	t	1
a:	o	1
a:	p	1
a:	u	1
a:	d	2
a:	s	2
a:	e	6
a:	a	5
a:	-	3
a:	m	3
.j	u	1
.j	√	3
.j	o	4
≠c	o	1
≠c	i	8
∫t	i	1
l,	o	1
l,	√	1
l,	i	1
l,	f	2
l,	p	2
l,	c	1
l,	m	2
l,	r	1
l,	e	2
l,	d	1
l,	a	1
l,	-	1
l,	n	2
,¬	´	4
o(	a	1
o(	c	1
(c	o	2
s)	o	1
s)	s	2
ti	!	1
ti	f	1
ti	,	2
ti	e	1
ti	o	2
ti	t	3
ti	n	43
ti	a	27
ti	c	22
ti	m	13
ti	g	13
ti	d	11
ti	j	1
ti	r	16
ti	v	14
ti	l	6
ti	√	2
ti	s	11
ti	u	5
l.	a	1
l.	.	2
l.	e	3
-g	o	1
-g	a	1
hy	m	2
,l	h	2
,l	e	3
,l	i	1
,l	o	1
,l	√	5
,l	a	2
)s	e	2
)s	√	1
¢m	a	3
0,	p	1
nf	l	1
nf	a	7
nf	e	5
nf	o	21
nf	i	28
,m	u	5
,m	i	4
,m	e	15
,m	a	11
,m	o	5
ih	a	1
ih	i	1
hi	t	1
hi	d	2
hi	e	1
hi	n	2
hi	a	6
hi	c	5
hi	m	2
hi	s	7
≠u	m	1
o.	u	1
o.	d	2
o.	v	1
o.	i	2
o.	t	2
o.	b	1
o.	o	5
o.	.	20
o.	c	1
o.	e	6
o.	a	6
o.	n	4
dm	i	5
a;	m	1
a;	o	2
a;	a	2
a;	-	3
a;	i	1
a;	v	2
a;	e	11
gl	a	9
gl	e	4
gl	o	1
gl	√	4
al	y	2
al	v	1
al	q	1
al	n	1
al	p	1
al	f	1
al	,	2
al	!	1
al	b	3
al	s	4
al	.	2
al	h	38
al	a	48
al	d	9
al	i	44
al	e	54
al	l	4
al	√	11
al	u	10
al	;	1
al	o	17
al	g	20
al	t	20
al	m	26
al	c	1
;e	v	1
;e	i	2
;e	d	3
;e	m	2
;e	,	2
;e	o	1
;e	e	5
;e	c	3
;e	p	1
;e	s	6
;e	n	1
;e	a	4
fi	x	1
fi	l	25
fi	c	32
fi	t	2
fi	g	7
fi	n	9
fi	a	2
fi	z	4
fi	m	16
fi	s	2
fi	e	2
fi	r	1
fi	d	3
fi	o	2
sq	u	58
mq	u	13
™m	a	2
™m	u	1
p√	µ	1
p√	∫	1
p√	≥	3
p√	©	18
p√	°	15
p√	¥	3
p√	£	2
la	z	1
la	?	1
la	j	1
la	a	8
la	o	3
la	u	4
la	h	1
la	.	2
la	e	5
la	b	5
la	m	17
la	f	4
la	,	5
la	s	39
la	c	17
la	p	5
la	d	36
la	q	3
la	r	33
la	g	11
la	:	1
la	t	20
la	l	1
la	√	25
la	v	27
la	i	4
la	n	32
µe	q	1
µe	s	22
u√	©	3
u√	≥	1
u√	™	4
u√	ß	11
u√	∫	1
u√	†	2
u√	≠	8
mv	a	2
mv	o	1
mv	√	2
mv	i	6
mv	e	4
©c	o	2
©c	u	5
ux	i	1
ux	e	1
ux	√	1
ux	o	11
f√	≥	3
f√	¢	1
f√	©	4
f√	°	4
f√	≠	1
lc	o	3
lc	h	2
lc	a	2
lc	r	3
s:	o	1
s:	e	3
s:	d	1
s:	m	3
°n	u	1
°n	o	1
°n	√	2
ou	.	1
ou	,	3
ou	q	2
ou	b	4
ou	n	2
ou	u	5
ou	o	8
ou	:	1
ou	t	32
ou	s	7
ou	m	30
ou	d	6
ou	l	2
ou	√	3
ou	r	20
ou	e	6
ou	c	18
ou	p	8
ou	v	8
ou	-	12
ou	a	15
ou	x	2
m-	m	1
m-	l	2
m-	p	1
m-	e	1
m-	q	1
m-	n	8
m-	s	11
0v	i	1
°p	a	1
°p	o	1
bl	i	3
bl	e	2
≥,	c	2
≥,	o	1
;-	e	5
eu	!	1
eu	b	3
eu	i	1
eu	o	2
eu	a	6
eu	v	5
eu	w	2
eu	,	5
eu	f	10
eu	r	5
eu	s	55
eu	m	25
eu	√	3
eu	l	8
eu	:	2
eu	t	5
eu	g	2
eu	-	4
eu	n	4
eu	p	19
eu	c	17
eu	q	4
eu	d	6
eu	e	3
eu	h	2
eu	.	3
≥p	r	1
≥p	e	1
z√	°	1
z√	©	1
z√	µ	2
z√	£	3
©s	j	1
©s	m	1
©s	¬	1
©s	o	2
©s	.	1
©s	f	1
©s	d	1
©s	p	2
©s	i	1
©s	t	3
,r	√	1
,r	o	2
,r	i	3
,r	e	12
,r	a	3
:q	u	1
ly	r	3
ly	m	1
ix	√	5
ix	o	11
ix	i	3
ix	a	9
uc	l	1
uc	h	5
uc	u	3
uc	i	4
uc	e	2
uc	√	1
uc	o	21
uc	a	11
xi	n	3
xi	a	1
xi	d	1
xi	s	5
xi	l	1
xi	g	2
bs	o	2
bs	u	1
bs	e	2
bs	c	1
bs	t	1
uv	o	1
uv	e	7
uv	a	6
uv	i	10
nv	o	2
nv	a	1
nv	i	3
nv	e	15
!e	r	1
!e	o	1
!e	,	1
!e	t	2
r:	-	1
au	n	1
au	d	10
au	q	1
au	r	5
au	f	1
au	s	11
au	c	1
au	p	1
au	,	2
au	m	45
au	l	1
©n	o	1
©n	u	2
;a	t	1
;a	f	2
;a	s	3
;a	c	1
;a	p	1
ec	u	2
ec	h	29
ec	a	35
ec	r	5
ec	e	58
ec	√	4
ec	o	52
ec	l	8
ec	t	14
ec	i	36
e!	m	1
e!	e	1
e!	o	1
sj	√	3
sj	o	4
sj	u	1
sj	a	4
!o	h	1
!o	m	1
!o	p	1
≥t	√	1
≥t	i	1
√¥	a	1
√¥	r	7
√¥	x	1
√¥	d	2
√¥	c	1
√¥	o	1
√¥	b	1
√¥	s	1
¥s	l	1
lz	e	1
;d	e	4
:e	s	1
:e	l	1
:e	n	1
:e	a	4
:e	p	1
:e	c	2
:e	,	1
:e	e	1
:e	r	3
:e	o	3
™s	s	1
™s	,	1
™s	:	2
™s	a	2
™s	p	2
™s	g	1
™s	.	3
™s	b	1
™s	)	1
rf	a	1
rf	u	2
rf	o	2
rf	i	8
(a	d	1
(a	c	1
)a	t	1
gn	o	2
gn	√	1
gn	e	5
gn	a	8
gn	i	2
,g	a	1
,g	r	6
,g	u	2
ib	u	5
ib	r	3
ib	e	7
nd	u	1
nd	c	1
nd	,	1
nd	i	26
nd	r	6
nd	e	65
nd	.	1
nd	√	2
nd	o	215
nd	a	57
-m	u	1
-m	e	11
-m	a	5
tl	e	1
..	l	1
..	i	2
..	c	1
..	f	1
..	m	2
..	e	8
..	q	1
..	d	2
..	¬	2
..	o	4
..	.	76
¢n	i	1
¢n	c	1
¢n	g	1
;s	o	1
;s	e	1
:-	m	1
:-	e	3
rn	i	3
rn	u	3
rn	e	6
rn	a	32
rn	√	1
rn	o	14
ax	i	1
©e	m	1
©e	d	1
≥b	r	1
ro	o	2
ro	q	1
ro	!	1
ro	g	1
ro	?	2
ro	i	7
ro	√	1
ro	l	4
ro	z	3
ro	e	9
ro	j	2
ro	r	15
ro	d	19
ro	n	29
ro	a	10
ro	t	9
ro	:	1
ro	v	11
ro	b	6
ro	(	1
ro	s	79
ro	m	17
ro	f	7
ro	,	32
ro	c	17
ro	p	16
ro	.	7
ro	;	1
ro	u	17
l;	m	1
l;	d	1
l;	e	1
tu	o	3
tu	t	2
tu	g	5
tu	m	11
tu	i	2
tu	?	1
tu	s	3
tu	d	23
tu	n	3
tu	a	10
tu	l	1
tu	r	26
nj	u	2
nj	a	5
ª.	e	2
©t	u	1
©t	i	1
´u	m	1
rj	u	1
rj	o	1
™!	s	1
30	v	1
≥r	a	2
≥r	m	1
≥r	b	1
≥r	d	3
≥r	e	1
≥r	i	7
¥b	r	1
£e	s	1
£e	p	1
£e	.	1
£e	q	1
£e	m	1
£e	,	1
i√	∫	1
i√	µ	1
i√	£	4
i√	ß	15
i√	°	2
£s	,	1
£s	c	2
≠p	a	1
g√	≠	2
g√	£	6
g√	≥	1
uu	m	5
mf	r	4
mf	e	1
mf	i	4
mf	o	5
mf	a	5
mf	u	5
.u	m	2
™d	e	1
™d	.	1
∫s	i	1
xv	i	1
≠t	i	2
≠t	a	1
uj	o	2
uj	a	6
in	f	11
in	z	2
in	o	19
in	h	87
in	u	5
in	a	38
in	e	14
in	g	23
in	t	36
in	d	52
in	q	6
in	i	16
in	v	9
in	s	15
in	c	17
in	√	7
ii	c	1
ii	i	1
:d	e	3
:d	u	1
e:	p	1
e:	o	2
e:	e	4
e:	n	1
e:	a	3
:a	m	1
:a	l	1
:a	o	1
:a	q	1
:a	c	1
:a	t	2
:a	g	1
:a	s	3
©q	u	1
no	q	1
no	n	1
no	.	7
no	e	6
no	a	4
no	v	12
no	o	3
no	b	11
no	d	12
no	m	14
no	f	1
no	,	26
no	p	5
no	c	13
no	t	4
no	√	1
no	l	3
no	s	53
no	i	15
no	r	8
no	;	2
no	u	2
ub	t	1
ub	l	1
ub	i	6
ub	a	2
ub	o	1
ub	√	1
ub	r	3
ub	e	8
≠q	u	1
ms	u	1
ms	.	3
ms	o	3
ms	i	6
ms	a	7
ms	e	10
z,	s	1
z,	t	1
z,	u	1
z,	e	2
z,	r	1
z,	b	1
z,	o	1
z,	d	1
©u	,	1
©u	m	4
©u	p	2
©u	s	2
©u	b	1
©u	√	1
©u	a	1
©u	d	1
a√	©	5
a√	°	7
a√	†	7
a√	∫	1
a√	≠	27
a√	ß	108
.m	u	2
.m	e	1
.m	i	3
.m	a	18
uf	a	1
uf	u	1
uf	o	1
uf	i	6
uf	r	1
uf	e	1
¥c	o	1
©d	e	3
©d	a	1
©d	o	3
©d	i	5
°f	a	1
°f	o	2
eb	l	1
eb	i	3
eb	u	5
eb	√	4
eb	o	6
eb	r	13
eb	e	15
eb	a	10
≥n	i	5
≥n	a	1
zp	o	1
zp	e	2
!n	a	1
!n	√	2
dc	o	1
eh	e	1
eh	i	1
eh	o	4
eh	a	6
m√	µ	1
m√	¥	1
m√	£	22
m√	¢	1
m√	≥	6
m√	©	7
m√	†	1
m√	∫	4
m√	≠	4
m√	°	13
vu	l	1
xp	l	1
xp	u	2
xp	e	1
xp	r	2
°i	g	1
°i	a	1
a(	s	1
a(	d	1
oz	s	1
oz	√	1
oz	e	5
oz	g	2
oz	q	1
oz	d	3
oz	,	2
oz	j	1
oz	a	2
u:	o	1
u:	n	1
∫d	a	1
∫d	e	1
