gs	c	1
ff	o	1
cb	a	1
dh	o	2
bb	l	1
xq	u	1
hg	r	1
vb	r	1
bp	e	1
tb	i	1
tb	e	1
gc	i	6
zv	q	1
zv	i	2
zv	e	2
vl	a	1
vl	o	10
vl	i	1
cv	a	2
cv	e	3
cv	i	2
pq	u	1
bv	o	1
dp	u	1
dp	o	3
uh	o	1
uh	u	1
uh	a	1
hn	a	1
hn	e	1
hn	o	2
sx	a	1
cd	e	1
cd	o	2
cd	i	3
dc	r	1
dc	o	5
dc	i	4
pb	l	4
pf	i	1
pf	a	1
rx	e	1
zg	i	1
zg	r	1
zg	a	1
ur	b	2
ur	j	1
ur	u	1
ur	r	1
ur	s	6
ur	p	5
ur	f	2
ur	n	6
ur	g	8
ur	o	350
ur	d	8
ur	e	97
ur	c	7
ur	a	271
ur	m	6
ur	i	39
ur	t	7
ur	q	3
ur	v	10
rs	f	2
rs	j	1
rs	h	1
rs	g	1
rs	v	1
rs	i	22
rs	q	8
rs	d	16
rs	c	4
rs	s	15
rs	p	14
rs	e	165
rs	u	22
rs	o	50
rs	a	36
rs	m	4
rs	b	1
rs	r	6
rs	t	14
rs	n	8
eh	m	1
eh	a	15
eh	o	40
eh	d	3
eh	i	6
eh	t	1
eh	u	24
eh	e	11
eh	b	1
eh	r	1
eh	c	1
rq	u	314
vd	e	4
vd	o	4
xi	m	1
xi	o	1
sc	v	1
sc	t	2
sc	s	3
sc	u	121
sc	e	107
sc	i	60
sc	r	61
sc	o	410
sc	a	261
sc	l	24
sc	f	1
sc	n	2
sc	h	19
tj	d	1
vj	a	1
lb	a	1
lb	o	1
lb	e	5
lb	u	4
lb	i	5
lb	r	2
ua	h	1
ua	v	21
ua	p	13
ua	i	31
ua	q	12
ua	f	12
ua	e	26
ua	g	3
ua	l	146
ua	a	17
ua	n	224
ua	z	1
ua	c	17
ua	s	132
ua	r	52
ua	m	13
ua	t	16
ua	o	19
ua	d	26
ec	m	1
ec	p	3
ec	c	1
ec	d	1
ec	n	2
ec	r	79
ec	o	410
ec	e	349
ec	a	148
ec	l	20
ec	i	129
ec	t	5
ec	s	4
ec	h	60
ec	u	39
np	i	1
np	o	1
mu	j	1
mu	i	132
mu	r	41
mu	l	34
mu	s	12
mu	z	5
mu	d	19
mu	n	117
mu	m	18
ag	s	1
ag	v	2
ag	n	7
ag	i	20
ag	u	95
ag	o	123
ag	e	224
ag	r	115
ag	a	76
ag	l	18
ix	u	1
ix	o	34
ix	e	9
ix	a	86
ix	v	1
tu	v	1
tu	f	1
tu	l	8
tu	i	3
tu	q	12
tu	e	1
tu	o	15
tu	c	6
tu	p	19
tu	b	5
tu	m	48
tu	d	117
tu	n	56
tu	r	154
tu	g	66
tu	s	10
tu	t	20
tu	a	40
ad	f	2
ad	s	1
ad	q	3
ad	g	2
ad	n	1
ad	r	35
ad	e	645
ad	o	963
ad	a	604
ad	l	2
ad	m	8
ad	u	27
ad	j	1
ad	v	7
ad	i	90
ne	h	1
ne	l	47
ne	r	45
ne	g	59
ne	m	95
ne	p	14
ne	c	28
ne	z	3
ne	n	62
ne	s	107
ne	t	33
ne	i	32
ne	o	7
ne	f	11
ne	u	9
ne	d	8
ne	e	6
ne	v	9
ne	x	3
ne	a	20
ne	b	1
ne	j	1
ne	q	1
jg	o	1
hi	r	2
hi	s	20
hi	d	8
hi	e	3
hi	p	5
hi	a	34
hi	m	4
hi	c	2
hi	n	7
ja	t	3
ja	b	3
ja	q	3
ja	o	6
ja	u	2
ja	p	7
ja	f	7
ja	r	20
ja	z	9
ja	c	8
ja	l	6
ja	a	13
ja	d	26
ja	s	29
ja	n	16
ja	m	35
ja	v	18
ja	i	8
ja	e	9
ja	g	7
ze	b	1
ze	q	2
ze	c	2
ze	v	3
ze	e	3
ze	i	9
ze	f	2
ze	l	12
ze	n	95
ze	d	4
ze	o	4
ze	p	2
ze	r	69
ze	s	85
ze	m	48
ze	t	3
ze	x	2
ze	a	6
iz	f	1
iz	p	1
iz	r	1
iz	b	1
iz	s	3
iz	m	1
iz	d	4
iz	o	6
iz	i	41
iz	t	1
iz	e	80
iz	l	9
iz	a	18
iz	c	4
iz	n	4
iz	q	11
sm	r	1
sm	g	3
sm	s	2
sm	n	2
sm	u	52
sm	e	84
sm	o	144
sm	i	37
sm	a	185
gr	l	1
gr	p	1
gr	g	2
gr	d	1
gr	t	1
gr	i	83
gr	a	294
gr	o	52
gr	e	70
gr	c	5
gr	v	3
gr	m	5
gr	r	1
gr	s	2
gr	f	1
zt	r	3
zt	a	4
zt	e	3
zt	o	4
tl	n	2
tl	i	9
tl	o	8
tl	a	8
oa	z	1
oa	s	171
oa	f	55
oa	m	117
oa	j	16
oa	r	91
oa	n	79
oa	c	58
oa	l	119
oa	d	55
oa	o	65
oa	t	37
oa	u	15
oa	e	23
oa	g	37
oa	q	48
oa	b	22
oa	i	8
oa	a	11
oa	x	1
oa	p	54
oa	h	5
oa	v	47
zf	i	2
zf	r	1
zf	a	3
zf	e	1
ut	m	1
ut	f	2
ut	e	30
ut	o	58
ut	r	256
ut	a	41
ut	u	12
ut	i	19
ih	a	1
ih	o	1
ih	e	1
ud	u	4
ud	c	1
ud	n	6
ud	i	15
ud	l	1
ud	a	82
ud	o	155
ud	e	120
ud	r	1
rp	u	6
rp	t	11
rp	i	13
rp	l	1
rp	a	17
rp	e	43
rp	d	2
rp	o	75
rp	r	53
aj	b	1
aj	l	1
aj	n	1
aj	e	7
aj	p	7
aj	a	19
aj	u	90
aj	o	11
aj	d	9
aj	s	2
aj	t	4
aj	v	1
aj	c	2
od	t	1
od	j	1
od	i	120
od	o	292
od	e	539
od	a	261
od	l	3
od	u	54
od	r	11
od	g	1
od	n	1
od	c	1
jj	u	2
sp	d	1
sp	t	3
sp	i	43
sp	e	316
sp	o	249
sp	a	269
sp	l	9
sp	r	120
sp	s	15
sp	c	5
sp	u	9
st	b	1
st	v	3
st	t	4
st	f	2
st	l	3
st	j	1
st	q	4
st	s	5
st	p	8
st	n	14
st	g	6
st	r	500
st	a	638
st	e	559
st	i	167
st	o	430
st	d	13
st	u	82
st	m	22
st	c	15
xn	i	1
nu	o	1
nu	d	1
nu	e	6
nu	p	1
nu	a	14
nu	t	2
nu	n	93
nu	s	19
nu	m	45
nu	v	14
lh	u	2
lh	a	316
lh	e	464
lh	d	1
lh	o	284
lh	i	9
au	v	1
au	a	1
au	q	3
au	z	1
au	c	6
au	n	5
au	s	109
au	t	19
au	r	46
au	g	4
au	m	66
au	l	9
au	e	3
au	p	3
au	d	14
au	f	8
gl	s	4
gl	f	1
gl	e	7
gl	o	22
gl	a	7
gl	r	38
gl	i	15
be	p	1
be	c	6
be	u	2
be	v	1
be	g	1
be	s	13
be	t	10
be	j	10
be	i	20
be	e	6
be	l	86
be	a	34
be	d	49
be	o	11
be	r	148
be	m	119
be	b	15
be	n	26
be	q	4
nm	a	2
nm	e	5
hc	l	1
hc	o	1
hc	e	2
fr	v	6
fr	u	7
fr	r	4
fr	g	6
fr	b	1
fr	t	4
fr	i	110
fr	a	61
fr	o	58
fr	e	69
mt	t	3
mt	i	27
mt	u	25
mt	o	83
mt	e	72
mt	l	1
mt	a	51
mt	r	19
jf	u	1
jf	o	9
jf	i	3
jf	a	4
jf	l	1
db	i	2
il	b	2
il	l	3
il	j	1
il	p	4
il	f	4
il	n	7
il	t	9
il	r	9
il	q	7
il	i	28
il	e	30
il	o	63
il	d	18
il	u	72
il	a	77
il	h	203
il	s	9
il	m	17
il	g	3
il	c	12
il	v	20
ef	d	1
ef	i	65
ef	r	60
ef	g	2
ef	e	119
ef	o	113
ef	a	127
ef	l	9
ef	u	24
ef	c	4
ef	b	1
le	l	2
le	n	93
le	d	50
le	p	19
le	v	166
le	s	133
le	i	109
le	b	26
le	x	11
le	a	44
le	g	74
le	r	27
le	q	12
le	o	26
le	z	17
le	c	37
le	j	23
le	m	37
le	f	5
le	u	8
le	e	15
le	t	18
le	h	2
el	t	2
el	r	4
el	b	2
el	q	7
el	s	8
el	l	3
el	n	10
el	d	16
el	m	10
el	g	14
el	u	48
el	i	96
el	o	211
el	e	404
el	p	3
el	h	226
el	a	407
el	v	11
el	f	6
el	c	9
aq	u	650
vs	j	1
vs	v	1
vs	u	2
vs	g	1
vs	l	3
vs	r	2
vs	i	1
vs	c	9
vs	m	1
vs	a	10
vs	p	13
vs	e	13
vs	n	9
vs	b	2
vs	t	8
vs	q	6
vs	f	7
vs	d	3
vs	o	16
vs	s	11
lc	n	1
lc	e	1
lc	h	3
lc	o	34
lc	t	3
lc	i	30
lc	a	52
lc	l	1
lc	u	3
lc	c	4
lc	r	3
lc	m	1
rd	c	1
rd	n	2
rd	u	13
rd	e	267
rd	o	119
rd	l	4
rd	a	184
rd	i	72
za	v	1
za	t	3
za	p	1
za	i	2
za	a	2
za	u	1
za	c	4
za	b	1
za	r	3
za	d	28
za	o	6
za	n	5
za	e	6
za	s	26
za	g	4
za	m	6
za	q	7
za	f	5
za	l	7
co	j	1
co	u	51
co	f	10
co	b	80
co	m	983
co	n	571
co	r	344
co	s	192
co	d	29
co	o	92
co	a	70
co	x	2
co	e	48
co	l	56
co	v	14
co	h	9
co	c	17
co	z	1
co	p	14
co	q	12
co	t	19
co	i	26
co	g	2
zb	e	2
lo	v	4
lo	i	8
lo	j	3
lo	h	4
lo	f	8
lo	b	8
lo	l	3
lo	t	35
lo	z	2
lo	c	19
lo	o	9
lo	p	15
lo	u	53
lo	q	22
lo	g	82
lo	r	78
lo	s	129
lo	m	28
lo	e	26
lo	d	19
lo	n	111
lo	a	20
mr	c	7
mr	u	4
mr	t	2
mr	i	44
mr	d	3
mr	o	14
mr	e	55
mr	a	15
su	e	2
su	o	2
su	g	1
su	t	4
su	v	1
su	n	6
su	i	6
su	a	113
su	l	14
su	p	19
su	m	42
su	b	92
su	j	19
su	s	62
su	r	29
su	c	26
su	d	3
io	b	1
io	h	1
io	j	4
io	i	9
io	o	22
io	r	30
io	m	16
io	f	16
io	l	22
io	z	1
io	c	16
io	t	18
io	a	41
io	g	9
io	e	50
io	p	27
io	s	276
io	d	54
io	v	13
io	n	26
io	u	10
io	q	21
bu	n	18
bu	c	3
bu	t	7
bu	l	12
bu	q	3
bu	s	63
bu	m	1
bu	x	2
vo	v	2
vo	i	4
vo	g	2
vo	u	7
vo	p	8
vo	j	1
vo	o	13
vo	h	4
vo	m	10
vo	f	5
vo	q	6
vo	b	4
vo	e	24
vo	s	187
vo	d	20
vo	r	90
vo	t	15
vo	a	52
vo	l	27
vo	z	29
vo	c	33
vo	n	23
te	x	1
te	m	362
te	t	53
te	v	61
te	n	320
te	s	523
te	g	16
te	r	572
te	a	127
te	l	89
te	o	82
te	i	63
te	e	122
te	j	40
te	d	102
te	c	85
te	z	16
te	f	37
te	b	20
te	q	55
te	u	57
te	p	62
te	h	6
aa	h	1
aa	j	10
aa	q	18
aa	b	31
aa	i	12
aa	a	20
aa	p	43
aa	r	94
aa	d	36
aa	g	37
aa	z	1
aa	c	48
aa	o	55
aa	n	64
aa	f	54
aa	l	124
aa	v	17
aa	u	23
aa	e	16
aa	s	90
aa	t	29
aa	m	55
pt	e	1
pt	u	25
pt	a	1
pt	r	46
pt	o	15
lf	a	5
lf	u	1
lf	e	9
lf	o	5
lf	r	7
lf	i	9
hm	e	1
hm	a	1
hm	u	2
hm	i	3
ov	j	1
ov	n	9
ov	p	1
ov	e	200
ov	a	140
ov	o	154
ov	i	93
ov	r	4
ov	s	11
ov	u	10
ov	m	3
ov	c	4
ra	t	150
ra	b	91
ra	c	104
ra	z	112
ra	g	54
ra	f	42
ra	p	74
ra	q	96
ra	r	142
ra	a	175
ra	v	197
ra	l	89
ra	m	423
ra	d	321
ra	o	292
ra	s	481
ra	h	11
ra	i	113
ra	n	577
ra	j	19
ra	u	28
ra	e	182
no	b	82
no	h	19
no	j	10
no	i	27
no	g	20
no	n	39
no	l	42
no	a	65
no	f	77
no	p	105
no	z	2
no	c	130
no	t	134
no	e	97
no	q	59
no	v	142
no	r	74
no	d	98
no	o	44
no	u	40
no	m	217
no	s	553
as	l	81
as	h	26
as	j	29
as	o	251
as	u	68
as	b	51
as	r	62
as	i	104
as	c	246
as	d	248
as	f	132
as	m	136
as	s	580
as	e	510
as	p	183
as	a	349
as	g	128
as	t	300
as	v	135
as	n	166
as	q	139
mb	u	5
mb	o	23
mb	e	22
mb	m	78
mb	r	54
mb	l	3
mb	a	85
mb	i	16
eq	u	340
mo	j	6
mo	g	8
mo	b	4
mo	l	31
mo	o	40
mo	p	28
mo	q	22
mo	i	14
mo	h	2
mo	c	32
mo	d	62
mo	f	21
mo	s	518
mo	r	323
mo	t	45
mo	u	123
mo	v	56
mo	n	97
mo	e	42
mo	m	31
mo	a	62
br	n	3
br	s	2
br	o	20
br	u	23
br	a	250
br	m	4
br	b	16
br	e	166
br	i	87
uo	u	1
uo	r	3
uo	l	1
uo	t	1
uo	b	1
uo	m	1
uo	a	3
uo	c	1
uo	n	4
uo	s	19
uo	e	4
uo	f	3
uo	o	2
uo	d	2
uo	i	2
uo	v	1
ge	v	1
ge	u	1
ge	b	2
ge	c	2
ge	g	1
ge	p	1
ge	t	2
ge	q	3
ge	f	3
ge	r	48
ge	i	34
ge	s	43
ge	n	396
ge	l	16
ge	a	9
ge	m	32
ge	d	19
ge	o	14
ge	e	6
er	j	7
er	u	19
er	h	3
er	f	24
er	p	55
er	b	53
er	g	61
er	m	87
er	l	25
er	q	52
er	v	85
er	o	289
er	d	237
er	e	423
er	r	520
er	i	208
er	t	228
er	x	1
er	a	511
er	s	144
er	n	148
er	c	131
ub	e	13
ub	o	1
ub	m	3
ub	j	1
ub	u	4
ub	l	36
ub	a	19
ub	t	12
ub	i	48
ub	r	7
uz	n	2
uz	q	3
uz	r	1
uz	d	5
uz	p	2
uz	e	21
uz	o	20
uz	t	4
uz	i	19
uz	c	5
uz	m	1
uz	a	4
uz	f	1
uz	s	4
hu	f	1
hu	d	1
hu	p	2
hu	m	128
hu	a	1
hu	n	1
hu	v	3
do	b	28
do	l	51
do	j	25
do	f	69
do	u	88
do	c	152
do	z	13
do	r	220
do	n	124
do	i	60
do	g	37
do	d	117
do	t	98
do	e	194
do	p	110
do	q	87
do	s	869
do	h	10
do	o	280
do	m	173
do	a	275
do	v	64
si	i	2
si	q	1
si	v	6
si	e	5
si	o	12
si	f	5
si	p	2
si	b	6
si	m	181
si	a	39
si	l	43
si	t	88
si	n	207
si	c	12
si	d	30
si	g	32
si	r	22
si	s	40
rr	r	1
rr	f	3
rr	s	2
rr	o	89
rr	i	58
rr	l	2
rr	a	438
rr	u	13
rr	e	224
rr	b	3
se	h	9
se	q	29
se	b	17
se	i	79
se	p	100
se	l	110
se	f	50
se	u	280
se	j	128
se	r	317
se	n	387
se	s	320
se	v	75
se	g	145
se	o	103
se	d	134
se	x	33
se	a	264
se	m	418
se	t	91
se	e	184
se	c	130
eu	g	3
eu	h	2
eu	l	10
eu	q	18
eu	o	7
eu	i	6
eu	v	14
eu	x	1
eu	a	6
eu	j	6
eu	n	29
eu	p	46
eu	e	10
eu	s	301
eu	m	81
eu	b	9
eu	z	1
eu	c	32
eu	r	55
eu	t	19
eu	d	32
eu	f	21
re	x	8
re	d	61
re	o	98
re	n	219
re	e	63
re	a	138
re	l	103
re	s	678
re	i	558
re	g	110
re	m	235
re	v	74
re	c	281
re	z	53
re	b	9
re	t	93
re	f	51
re	p	69
re	r	43
re	u	21
re	h	3
re	q	14
re	j	7
cr	c	5
cr	s	6
cr	m	1
cr	a	12
cr	o	9
cr	d	9
cr	i	114
cr	u	42
cr	q	3
cr	e	86
sv	t	1
sv	q	1
sv	u	2
sv	e	142
sv	o	70
sv	i	93
sv	a	40
sv	s	11
sv	m	13
sv	r	12
sv	c	4
sv	n	4
sv	v	1
ba	q	1
ba	g	3
ba	h	1
ba	b	5
ba	v	5
ba	o	4
ba	e	14
ba	f	2
ba	t	62
ba	i	48
ba	n	67
ba	c	20
ba	r	126
ba	l	75
ba	x	15
ba	a	13
ba	s	42
ba	m	4
ba	d	17
id	q	1
id	i	14
id	a	490
id	l	3
id	o	455
id	e	116
id	r	4
id	n	7
id	c	1
id	s	3
id	u	3
so	o	27
so	q	23
so	d	52
so	f	60
so	j	14
so	p	63
so	u	102
so	b	147
so	v	24
so	a	82
so	g	19
so	n	150
so	c	54
so	m	105
so	r	80
so	h	9
so	s	309
so	e	65
so	l	143
so	i	23
so	t	28
jb	e	1
jb	l	1
fn	a	1
fn	e	2
fn	i	3
iq	u	117
md	r	1
md	u	6
md	f	1
md	a	63
md	i	56
md	e	163
md	d	1
md	o	70
eo	h	2
eo	j	3
eo	q	13
eo	e	23
eo	f	56
eo	o	10
eo	i	12
eo	a	29
eo	m	75
eo	g	31
eo	t	31
eo	p	61
eo	u	121
eo	b	40
eo	s	233
eo	z	1
eo	c	73
eo	n	43
eo	d	25
eo	l	32
eo	v	29
eo	r	58
al	f	21
al	l	10
al	r	13
al	j	9
al	g	100
al	q	47
al	s	71
al	b	10
al	n	33
al	v	48
al	d	62
al	m	86
al	u	57
al	p	26
al	e	306
al	a	220
al	h	208
al	o	117
al	t	197
al	i	200
al	c	87
ju	v	1
ju	b	1
ju	s	35
ju	i	2
ju	z	15
ju	d	40
ju	n	90
ju	r	11
ju	g	26
ju	l	18
hq	u	7
sr	g	2
sr	a	27
sr	i	37
sr	d	7
sr	o	26
sr	e	104
sr	u	8
sr	s	2
sr	m	1
sr	r	1
sr	v	4
to	h	16
to	u	63
to	f	65
to	j	10
to	q	99
to	t	70
to	l	87
to	g	21
to	n	46
to	b	25
to	c	96
to	m	199
to	d	381
to	o	71
to	s	469
to	p	106
to	e	171
to	i	29
to	a	134
to	r	204
to	v	34
rm	p	1
rm	j	1
rm	g	1
rm	s	5
rm	v	1
rm	t	3
rm	o	97
rm	d	9
rm	i	63
rm	u	31
rm	a	217
rm	l	2
rm	e	106
rm	q	5
rm	n	14
rm	c	2
lq	u	68
oq	u	558
am	h	1
am	r	8
am	m	11
am	f	6
am	t	32
am	q	18
am	g	14
am	p	93
am	c	21
am	n	26
am	l	14
am	d	60
am	o	380
am	b	122
am	a	562
am	e	273
am	u	31
am	j	8
am	i	134
am	s	41
am	v	15
os	i	83
os	h	31
os	g	69
os	n	132
os	m	238
os	r	82
os	q	143
os	v	133
os	p	243
os	j	26
os	o	579
os	u	65
os	e	644
os	b	82
os	l	89
os	x	1
os	a	588
os	s	406
os	f	159
os	d	335
os	c	253
os	t	464
ce	j	4
ce	f	4
ce	g	19
ce	t	10
ce	v	8
ce	z	1
ce	c	6
ce	u	19
ce	q	12
ce	b	77
ce	p	9
ce	l	66
ce	a	38
ce	r	235
ce	n	111
ce	s	99
ce	o	22
ce	d	67
ce	i	53
ce	m	49
ce	e	20
fa	p	1
fa	o	3
fa	q	1
fa	u	1
fa	i	4
fa	f	2
fa	r	53
fa	g	3
fa	s	22
fa	n	40
fa	a	22
fa	l	104
fa	t	10
fa	m	132
fa	b	10
fa	c	19
fa	z	167
fa	d	22
fa	v	31
fa	e	8
um	j	2
um	v	13
um	g	15
um	b	23
um	o	27
um	f	25
um	q	9
um	r	27
um	u	8
um	l	8
um	s	28
um	i	21
um	t	23
um	n	15
um	c	39
um	a	242
um	e	84
um	p	58
um	d	43
um	m	32
ys	q	2
ys	i	2
ys	e	2
ys	t	1
tr	n	2
tr	i	194
tr	t	2
tr	a	637
tr	o	293
tr	e	288
tr	p	6
tr	s	32
tr	u	40
tr	r	16
tr	m	6
vi	u	31
vi	e	14
vi	g	9
vi	r	99
vi	n	127
vi	b	2
vi	d	155
vi	o	23
vi	l	54
vi	a	79
vi	t	49
vi	z	21
vi	c	11
vi	v	47
vi	q	3
vi	m	22
vi	s	96
if	s	1
if	u	1
if	a	9
if	i	29
if	e	34
if	o	11
if	n	1
if	c	11
zd	a	6
zd	e	16
zd	o	9
zd	i	4
zd	u	1
ui	h	1
ui	u	5
ui	q	5
ui	m	8
ui	p	12
ui	f	6
ui	g	9
ui	t	120
ui	o	11
ui	r	28
ui	e	32
ui	d	85
ui	c	7
ui	z	2
ui	n	37
ui	s	80
ui	l	29
ui	a	46
ui	b	2
ui	v	11
qu	r	1
qu	i	230
qu	t	1
qu	a	385
qu	l	5
qu	o	7
qu	e	3473
qu	m	3
qu	n	2
qu	c	1
qu	s	5
ha	l	9
ha	h	5
ha	u	5
ha	t	14
ha	q	22
ha	c	19
ha	e	38
ha	j	9
ha	i	11
ha	p	21
ha	o	23
ha	f	7
ha	s	105
ha	m	118
ha	b	19
ha	r	60
ha	g	9
ha	d	94
ha	n	50
ha	v	56
ha	a	35
po	f	7
po	b	15
po	a	16
po	m	15
po	j	7
po	t	33
po	o	10
po	q	22
po	c	15
po	h	5
po	e	18
po	p	10
po	d	147
po	i	131
po	r	807
po	u	106
po	n	59
po	s	170
po	v	72
po	l	31
mm	a	62
mm	i	18
mm	o	36
mm	e	45
mm	p	2
mm	u	21
jr	e	3
jr	i	11
jr	a	1
nz	e	12
lu	i	5
lu	c	4
lu	z	44
lu	o	1
lu	d	2
lu	m	20
lu	g	13
lu	s	165
lu	x	1
lu	a	7
lu	l	1
lu	t	6
lu	n	7
ca	q	6
ca	h	2
ca	j	3
ca	g	15
ca	i	24
ca	f	19
ca	t	38
ca	c	16
ca	u	39
ca	p	94
ca	a	49
ca	d	111
ca	o	23
ca	n	188
ca	r	152
ca	m	147
ca	b	86
ca	e	45
ca	l	41
ca	v	96
ca	s	195
ap	f	1
ap	s	6
ap	u	11
ap	o	149
ap	r	164
ap	l	9
ap	a	199
ap	e	114
ap	i	92
ap	t	34
uj	n	1
uj	d	1
uj	o	27
uj	p	1
uj	e	18
uj	a	36
uj	u	6
hh	i	1
li	q	5
li	j	2
li	r	7
li	l	2
li	f	7
li	p	12
li	v	32
li	e	13
li	t	29
li	b	12
li	m	85
li	z	4
li	c	83
li	n	82
li	o	26
li	d	40
li	s	55
li	a	40
li	g	33
og	n	5
og	i	6
og	u	15
og	g	1
og	r	93
og	e	73
og	o	139
og	l	5
og	a	77
ii	n	5
ii	s	6
ii	l	1
pn	i	2
hl	a	1
nt	d	1
nt	l	3
nt	p	1
nt	r	278
nt	g	3
nt	a	546
nt	e	1230
nt	o	718
nt	i	216
nt	s	5
nt	u	69
nt	n	6
nt	m	1
ex	q	1
ex	o	2
ex	i	1
ex	t	22
ex	a	13
ex	p	38
ex	e	25
ex	c	39
ex	r	17
op	q	1
op	b	2
op	a	113
op	l	16
op	o	237
op	d	2
op	e	201
op	r	149
op	s	15
op	u	25
op	i	34
op	t	7
fo	e	2
fo	q	1
fo	a	1
fo	s	29
fo	n	45
fo	z	1
fo	c	2
fo	i	124
fo	t	1
fo	r	448
fo	g	60
fo	l	5
fo	m	11
fo	d	1
xo	v	1
xo	b	1
xo	q	2
xo	l	1
xo	p	2
xo	d	12
xo	o	4
xo	e	6
xo	u	8
xo	a	3
xo	s	7
xo	t	4
xo	n	1
xo	f	3
xo	m	3
oi	g	4
oi	q	7
oi	h	1
oi	p	12
oi	j	4
oi	f	3
oi	v	5
oi	c	11
oi	o	5
oi	s	193
oi	l	25
oi	a	9
oi	m	37
oi	b	3
oi	d	39
oi	r	27
oi	n	124
oi	t	26
oi	e	3
sf	b	1
sf	u	21
sf	i	69
sf	o	144
sf	e	82
sf	r	44
sf	l	19
sf	a	79
cf	i	2
cf	a	1
pa	h	1
pa	f	1
pa	m	4
pa	q	3
pa	a	7
pa	v	4
pa	g	17
pa	e	8
pa	o	23
pa	u	12
pa	p	2
pa	t	14
pa	i	41
pa	r	523
pa	l	83
pa	s	161
pa	n	146
pa	c	20
pa	z	21
pa	d	72
pa	b	2
nx	u	2
nx	e	15
nx	r	2
mg	n	1
mg	a	1
mg	l	5
mg	o	15
mg	e	20
mg	r	32
mg	i	5
mg	u	7
ar	h	1
ar	j	2
ar	b	29
ar	f	8
ar	s	108
ar	r	106
ar	z	7
ar	c	94
ar	i	123
ar	g	88
ar	n	65
ar	q	49
ar	a	657
ar	l	29
ar	t	324
ar	e	380
ar	p	49
ar	m	168
ar	o	228
ar	d	196
ar	u	17
ar	v	31
da	j	13
da	u	12
da	z	1
da	c	75
da	g	76
da	e	104
da	v	98
da	h	13
da	b	23
da	n	170
da	d	413
da	f	46
da	a	132
da	l	68
da	t	73
da	i	39
da	o	45
da	s	502
da	q	82
da	r	132
da	m	125
da	p	70
df	e	1
df	a	2
df	u	1
ci	b	1
ci	r	4
ci	f	3
ci	s	6
ci	p	40
ci	m	38
ci	t	39
ci	o	96
ci	d	185
ci	a	171
ci	l	28
ci	n	48
ci	z	2
ci	c	2
ci	v	5
ci	e	4
dr	m	1
dr	u	1
dr	c	1
dr	o	37
dr	e	34
dr	a	27
dr	i	9
fu	j	2
fu	r	32
fu	g	30
fu	s	14
fu	t	10
fu	i	7
fu	a	2
fu	l	5
fu	n	46
fu	m	4
fu	z	1
de	x	2
de	e	176
de	m	207
de	t	195
de	v	128
de	h	32
de	s	927
de	c	220
de	z	9
de	n	224
de	a	270
de	f	132
de	u	186
de	o	119
de	i	260
de	r	228
de	p	165
de	q	70
de	l	195
de	b	57
de	d	100
de	j	27
de	g	55
ev	b	1
ev	c	4
ev	p	3
ev	l	2
ev	q	2
ev	f	2
ev	i	126
ev	s	32
ev	o	63
ev	d	4
ev	a	184
ev	e	252
ev	m	12
ev	u	5
ev	n	11
ev	r	17
nn	o	2
nn	a	2
nn	c	10
nn	i	5
nn	g	1
es	j	7
es	h	10
es	l	25
es	b	48
es	v	70
es	d	138
es	c	380
es	o	193
es	t	1137
es	u	105
es	m	70
es	r	20
es	g	19
es	n	53
es	f	93
es	q	138
es	a	294
es	i	87
es	p	416
es	e	745
es	s	291
me	j	1
me	r	103
me	e	46
me	p	21
me	u	48
me	n	497
me	a	90
me	x	2
me	s	144
me	i	91
me	t	120
me	m	68
me	g	4
me	c	30
me	z	3
me	q	10
me	d	109
me	h	6
me	o	32
me	l	78
me	f	14
me	v	8
me	b	1
sn	g	2
sn	s	2
sn	t	3
sn	i	32
sn	c	13
sn	u	31
sn	a	136
sn	d	1
sn	o	179
sn	e	42
sa	h	7
sa	n	264
sa	m	140
sa	i	52
sa	q	51
sa	o	55
sa	d	178
sa	s	290
sa	r	173
sa	l	196
sa	a	28
sa	x	2
sa	b	116
sa	v	49
sa	p	66
sa	g	74
sa	t	54
sa	f	46
sa	c	82
sa	z	6
sa	e	42
sa	u	12
sa	j	13
mc	h	10
mc	e	18
mc	r	15
mc	o	131
mc	t	1
mc	i	15
mc	u	16
mc	l	5
mc	a	58
dt	a	1
dt	e	1
ma	h	13
ma	m	60
ma	b	5
ma	v	43
ma	p	15
ma	o	42
ma	t	74
ma	a	50
ma	q	15
ma	g	60
ma	j	12
ma	r	396
ma	n	455
ma	z	1
ma	c	29
ma	i	347
ma	s	530
ma	d	205
ma	l	150
ma	f	25
ma	e	66
ma	u	48
tq	u	17
lm	u	1
lm	b	1
lm	i	3
lm	o	9
lm	d	5
lm	a	66
lm	p	6
lm	e	29
cm	q	1
cm	d	1
cm	e	1
sl	t	2
sl	o	26
sl	e	50
sl	i	30
sl	d	3
sl	u	26
sl	h	48
sl	n	2
sl	c	1
sl	r	2
sl	g	6
sl	a	38
ia	u	4
ia	b	13
ia	f	18
ia	h	4
ia	o	38
ia	v	24
ia	i	18
ia	r	22
ia	p	28
ia	z	2
ia	c	45
ia	q	34
ia	n	102
ia	s	244
ia	a	60
ia	l	26
ia	d	88
ia	g	22
ia	j	8
ia	e	86
ia	m	101
ia	t	39
ep	b	1
ep	a	149
ep	l	2
ep	t	15
ep	i	22
ep	o	281
ep	d	3
ep	r	125
ep	e	146
ep	u	34
ep	s	4
sq	u	606
ti	b	2
ti	e	5
ti	t	12
ti	s	41
ti	f	14
ti	p	12
ti	u	12
ti	o	37
ti	d	77
ti	l	45
ti	a	52
ti	v	39
ti	z	4
ti	c	54
ti	n	154
ti	r	78
ti	g	106
ti	m	71
cs	m	1
cs	f	1
cs	a	6
cs	s	2
cs	p	3
cs	e	2
xt	i	1
xt	a	1
xt	o	3
xt	r	17
oe	e	16
oe	f	34
oe	h	7
oe	j	8
oe	g	20
oe	l	29
oe	i	12
oe	b	17
oe	p	30
oe	u	8
oe	o	38
oe	q	17
oe	d	60
oe	n	145
oe	c	31
oe	s	275
oe	m	108
oe	a	52
oe	x	36
oe	r	44
oe	v	27
oe	t	26
uc	h	5
uc	i	6
uc	t	2
uc	u	3
uc	l	2
uc	a	34
uc	r	7
uc	o	106
uc	e	25
ss	t	2
ss	q	1
ss	n	3
ss	m	1
ss	v	6
ss	l	3
ss	d	8
ss	f	2
ss	p	16
ss	o	274
ss	e	628
ss	a	274
ss	i	211
ss	c	1
ss	r	9
ss	u	71
ss	j	1
ss	b	6
ss	s	15
ll	a	2
ll	q	1
ll	e	1
ll	o	5
ll	h	5
ll	i	2
ll	u	2
ed	m	1
ed	h	1
ed	s	1
ed	c	2
ed	g	1
ed	p	4
ed	v	3
ed	q	4
ed	o	315
ed	d	2
ed	e	585
ed	i	192
ed	a	180
ed	l	3
ed	r	46
ed	u	32
ed	n	3
ed	b	2
ir	h	3
ir	v	5
ir	r	4
ir	q	8
ir	u	4
ir	n	15
ir	f	3
ir	l	3
ir	g	6
ir	b	3
ir	c	11
ir	a	302
ir	e	70
ir	p	11
ir	o	289
ir	d	26
ir	i	17
ir	t	29
ir	s	19
ir	m	54
na	j	5
na	h	4
na	b	7
na	f	35
na	e	74
na	m	63
na	t	75
na	r	52
na	n	67
na	g	41
na	u	69
na	s	276
na	o	31
na	d	120
na	v	108
na	l	54
na	a	47
na	z	2
na	c	65
na	q	32
na	i	45
na	p	38
gi	p	3
gi	l	1
gi	s	2
gi	v	1
gi	e	5
gi	c	2
gi	t	5
gi	u	3
gi	m	12
gi	b	1
gi	d	27
gi	o	26
gi	n	30
gi	a	28
gi	r	13
gi	g	8
ls	d	3
ls	l	1
ls	i	11
ls	u	3
ls	o	30
ls	e	28
ls	p	2
ls	a	16
ls	g	1
ls	c	1
ls	s	3
ls	q	1
mp	b	1
mp	c	2
mp	l	23
mp	a	152
mp	r	176
mp	o	259
mp	e	122
mp	i	13
mp	t	8
mp	s	3
mp	u	8
mp	n	2
iv	c	1
iv	n	1
iv	r	18
iv	a	42
iv	i	69
iv	e	84
iv	o	32
iv	u	1
iv	s	1
az	r	1
az	v	2
az	g	1
az	f	3
az	p	5
az	t	4
az	u	5
az	o	36
az	d	14
az	a	26
az	l	3
az	q	9
az	e	160
az	i	37
az	s	5
az	n	5
az	c	20
ch	i	12
ch	a	127
ch	u	6
ch	o	48
ch	e	112
du	n	1
du	q	7
du	s	4
du	l	9
du	a	12
du	v	14
du	r	101
du	m	32
du	o	3
du	z	19
pr	g	1
pr	d	2
pr	b	1
pr	r	4
pr	n	17
pr	v	1
pr	l	2
pr	e	306
pr	p	26
pr	o	209
pr	a	71
pr	i	194
pr	t	5
pr	m	16
pr	s	16
pr	u	11
pr	f	11
ah	q	1
ah	i	12
ah	e	10
ah	u	16
ah	a	8
ah	h	1
ah	s	3
ah	d	2
ah	o	21
ei	h	1
ei	f	5
ei	v	4
ei	i	3
ei	b	5
ei	j	10
ei	e	19
ei	m	64
ei	q	47
ei	l	33
ei	u	2
ei	d	66
ei	o	126
ei	s	171
ei	n	231
ei	c	16
ei	r	389
ei	g	18
ei	p	20
ei	t	375
ei	a	152
ei	x	94
un	u	6
un	r	1
un	e	3
un	d	228
un	o	60
un	i	26
un	t	102
un	c	80
un	a	41
un	s	51
un	h	10
un	f	13
un	g	1
en	m	1
en	n	3
en	v	6
en	l	4
en	j	3
en	u	39
en	f	77
en	s	147
en	q	31
en	d	517
en	o	528
en	h	176
en	g	90
en	r	17
en	t	1573
en	i	40
en	e	184
en	x	19
en	a	215
en	c	143
zq	u	26
vq	u	11
bd	i	2
ae	h	3
ae	r	34
ae	g	22
ae	n	86
ae	c	27
ae	z	3
ae	t	50
ae	o	30
ae	d	48
ae	s	255
ae	b	21
ae	l	43
ae	a	45
ae	x	21
ae	m	126
ae	e	21
ae	v	16
ae	i	12
ae	p	26
ae	f	30
ae	j	4
ae	u	7
ae	q	5
sh	d	2
sh	s	3
sh	a	7
sh	u	15
sh	j	1
sh	o	33
sh	m	1
sh	q	3
sh	e	8
sh	r	3
sh	i	5
vp	i	1
vp	e	1
vp	r	2
gg	i	1
an	l	2
an	q	11
an	m	2
an	r	3
an	b	2
an	n	1
an	j	13
an	f	3
an	i	72
an	d	1123
an	o	475
an	a	376
an	t	915
an	s	64
an	h	236
an	e	72
an	u	25
an	g	83
an	c	71
sd	h	1
sd	n	1
sd	g	2
sd	i	69
sd	t	1
sd	a	145
sd	l	1
sd	e	483
sd	o	183
sd	u	28
sd	m	1
sd	c	2
sd	r	1
va	b	2
va	j	4
va	f	5
va	g	18
va	p	13
va	q	9
va	x	1
va	a	37
va	i	78
va	v	23
va	t	8
va	l	126
va	n	90
va	s	89
va	c	6
va	z	4
va	d	62
va	o	30
va	r	67
va	m	168
va	u	4
va	e	38
ms	n	1
ms	b	5
ms	r	1
ms	q	4
ms	s	1
ms	i	32
ms	t	5
ms	p	2
ms	e	139
ms	o	42
ms	d	11
ms	a	26
ms	u	29
ms	c	2
ms	m	2
oc	m	1
oc	d	1
oc	v	2
oc	q	1
oc	n	5
oc	o	336
oc	h	38
oc	a	241
oc	l	36
oc	i	33
oc	t	3
oc	u	147
oc	e	115
oc	r	41
oc	g	1
la	j	1
la	q	18
la	h	3
la	c	21
la	b	19
la	f	19
la	l	7
la	p	26
la	o	30
la	e	20
la	g	45
la	r	200
la	t	40
la	i	9
la	n	107
la	d	61
la	s	166
la	v	84
la	u	5
la	m	39
la	a	25
ng	n	3
ng	o	36
ng	u	82
ng	e	97
ng	r	12
ng	t	5
ng	i	31
ng	a	112
ng	l	29
bm	r	1
bm	b	1
bm	l	1
bm	h	1
bm	v	6
bm	p	4
bm	f	5
bm	s	5
bm	d	14
bm	o	1
bm	n	6
bm	c	9
bm	a	8
bm	q	3
bm	e	3
bm	m	4
bm	t	6
gn	c	1
gn	n	3
gn	o	20
gn	q	3
gn	b	2
gn	i	24
gn	t	2
gn	e	7
gn	a	17
rt	t	1
rt	s	13
rt	a	203
rt	o	198
rt	e	467
rt	i	85
rt	u	112
rt	r	17
rt	m	1
rt	f	3
rt	n	2
ao	i	7
ao	o	13
ao	h	1
ao	a	22
ao	d	43
ao	b	24
ao	f	28
ao	v	20
ao	q	25
ao	t	17
ao	n	72
ao	s	226
ao	g	24
ao	r	68
ao	u	55
ao	j	6
ao	c	85
ao	m	86
ao	e	16
ao	p	56
ao	l	21
jl	h	9
jl	o	1
jl	d	1
jl	i	1
jl	a	1
ta	u	5
ta	f	32
ta	j	9
ta	o	33
ta	i	80
ta	q	30
ta	b	6
ta	t	30
ta	g	38
ta	x	1
ta	a	91
ta	e	81
ta	p	54
ta	n	476
ta	z	1
ta	c	46
ta	l	164
ta	m	228
ta	r	178
ta	d	224
ta	s	284
ta	v	168
ej	r	1
ej	i	1
ej	d	7
ej	m	2
ej	f	2
ej	g	1
ej	n	10
ej	v	1
ej	o	86
ej	s	6
ej	u	36
ej	a	157
ej	l	5
ej	p	13
ej	e	14
ej	t	3
ej	q	2
ej	c	2
lp	o	7
lp	r	6
lp	a	33
lp	e	14
lp	i	13
nd	n	1
nd	g	1
nd	v	2
nd	r	11
nd	e	692
nd	o	1195
nd	a	407
nd	l	6
nd	i	130
nd	u	18
nd	s	13
nd	m	2
nd	c	1
oo	j	1
oo	v	17
oo	t	18
oo	f	43
oo	g	23
oo	h	1
oo	e	18
oo	i	14
oo	n	26
oo	b	31
oo	o	9
oo	m	38
oo	r	70
oo	q	18
oo	p	36
oo	c	63
oo	x	1
oo	a	20
oo	l	24
oo	s	159
oo	d	30
oo	u	63
im	b	6
im	r	6
im	g	2
im	m	11
im	s	13
im	t	10
im	f	12
im	n	11
im	l	9
im	u	4
im	p	87
im	e	199
im	a	218
im	v	13
im	o	124
im	d	41
im	q	20
im	c	30
im	i	91
ig	r	16
ig	i	15
ig	e	33
ig	o	222
ig	u	46
ig	a	106
ig	n	39
go	h	2
go	b	2
go	f	5
go	u	3
go	g	2
go	q	17
go	l	18
go	p	11
go	a	68
go	t	15
go	i	6
go	r	70
go	e	38
go	d	26
go	o	25
go	s	170
go	j	5
go	n	28
go	z	3
go	c	16
go	v	27
go	m	21
dl	n	1
dl	e	1
dl	a	3
dl	o	7
dl	h	5
dl	m	1
dl	t	2
dl	i	7
in	b	1
in	r	1
in	p	1
in	m	1
in	n	8
in	j	23
in	s	65
in	u	16
in	e	29
in	f	100
in	h	263
in	o	232
in	d	221
in	a	299
in	v	34
in	c	138
in	t	111
in	i	98
in	g	110
in	q	15
or	h	4
or	j	8
or	b	16
or	z	2
or	c	68
or	g	23
or	f	55
or	v	67
or	n	149
or	l	16
or	s	52
or	u	25
or	i	166
or	t	500
or	e	556
or	p	68
or	a	484
or	m	211
or	o	200
or	d	171
or	r	172
or	q	199
dm	o	1
dm	a	2
dm	i	9
av	d	2
av	q	1
av	l	2
av	a	578
av	s	15
av	i	210
av	t	2
av	e	241
av	o	119
av	r	53
av	m	4
av	c	3
av	n	4
ue	q	31
ue	m	343
ue	f	90
ue	a	429
ue	x	1
ue	l	206
ue	o	312
ue	d	253
ue	r	221
ue	e	276
ue	p	178
ue	t	234
ue	n	273
ue	s	281
ue	i	73
ue	j	39
ue	c	206
ue	z	22
ue	v	92
ue	h	27
ue	b	46
ue	u	24
ue	g	35
nc	v	1
nc	s	2
nc	g	10
nc	p	3
nc	h	37
nc	e	146
nc	l	26
nc	a	113
nc	r	6
nc	i	166
nc	t	1
nc	o	70
nc	n	3
nc	u	8
sg	v	1
sg	n	4
sg	o	13
sg	i	6
sg	a	14
sg	l	6
sg	r	48
sg	u	81
sg	e	61
ri	j	1
ri	p	1
ri	q	21
ri	f	8
ri	u	23
ri	b	36
ri	l	7
ri	v	13
ri	d	85
ri	o	267
ri	x	1
ri	a	453
ri	g	87
ri	r	32
ri	m	136
ri	z	7
ri	c	93
ri	n	107
ri	s	139
ri	e	26
ri	t	64
ga	u	2
ga	f	6
ga	h	2
ga	b	5
ga	p	10
ga	g	4
ga	l	32
ga	q	6
ga	c	4
ga	z	5
ga	i	11
ga	r	85
ga	e	16
ga	s	64
ga	d	109
ga	o	17
ga	m	91
ga	v	26
ga	t	11
ga	n	166
ga	a	14
nl	a	1
nl	i	1
nl	o	1
nl	e	4
bl	o	1
bl	a	8
bl	i	52
eg	c	6
eg	i	31
eg	r	161
eg	l	20
eg	a	203
eg	u	142
eg	p	5
eg	e	74
eg	o	47
vn	a	2
vn	e	1
vn	u	14
vn	i	3
vn	o	2
vn	d	2
vn	c	10
tp	r	1
tp	i	2
tp	a	2
tp	e	1
tp	o	3
at	v	1
at	b	1
at	t	3
at	d	2
at	l	11
at	a	186
at	r	105
at	e	302
at	o	145
at	u	87
at	i	71
at	q	13
at	m	7
at	n	4
us	j	1
us	g	4
us	m	12
us	n	16
us	s	22
us	h	2
us	l	9
us	r	14
us	c	80
us	b	6
us	u	14
us	t	182
us	i	82
us	a	237
us	v	13
us	q	24
us	f	14
us	d	29
us	o	66
us	e	116
us	p	52
is	j	4
is	g	6
is	r	19
is	v	30
is	l	19
is	n	37
is	b	14
is	h	9
is	i	28
is	p	57
is	e	153
is	c	71
is	a	141
is	q	125
is	f	42
is	d	96
is	o	91
is	t	305
is	m	37
is	u	16
is	s	137
jp	r	1
jp	a	17
jp	i	13
jp	o	7
jp	e	10
hs	s	1
hs	t	2
hs	e	2
hs	p	2
hs	d	2
ai	j	1
ai	i	1
ai	e	6
ai	u	2
ai	f	4
ai	q	13
ai	t	10
ai	c	21
ai	l	55
ai	g	6
ai	b	10
ai	m	14
ai	s	482
ai	n	147
ai	x	34
ai	a	64
ai	d	47
ai	o	49
ai	p	4
ai	v	8
ai	r	49
af	s	1
af	d	2
af	q	4
af	t	1
af	i	51
af	r	105
af	a	141
af	l	9
af	o	158
af	e	61
af	u	9
af	n	4
af	b	3
af	m	1
jo	v	1
jo	n	2
jo	q	2
jo	m	1
jo	g	6
jo	f	3
jo	l	1
jo	o	3
jo	b	2
jo	p	10
jo	z	3
jo	c	13
jo	i	5
jo	t	2
jo	s	33
jo	h	1
jo	a	29
jo	e	10
jo	r	6
jo	d	7
jo	u	4
ro	z	8
ro	a	130
ro	x	19
ro	c	87
ro	d	99
ro	g	40
ro	v	81
ro	i	22
ro	b	26
ro	m	145
ro	s	582
ro	e	139
ro	j	5
ro	r	59
ro	f	78
ro	p	82
ro	t	81
ro	u	73
ro	o	34
ro	h	9
ro	n	131
ro	q	58
ro	l	28
ob	p	1
ob	l	3
ob	i	25
ob	t	2
ob	e	180
ob	r	271
ob	a	33
ob	s	5
ob	u	10
ob	j	1
ob	o	13
ob	c	1
mi	e	2
mi	v	1
mi	t	24
mi	l	75
mi	a	12
mi	m	18
mi	s	37
mi	n	153
mi	o	21
mi	d	38
mi	c	6
mi	z	10
mi	g	105
mi	r	19
ot	g	1
ot	t	1
ot	v	3
ot	o	153
ot	e	251
ot	r	79
ot	a	118
ot	u	21
ot	i	37
ot	c	6
ot	n	7
ot	f	1
ot	m	6
xa	o	2
xa	i	3
xa	s	8
xa	t	1
xa	m	12
xa	r	17
xa	d	17
xa	n	25
xa	c	1
xa	e	7
xa	f	3
xa	v	13
xa	l	5
xa	a	5
om	j	8
om	h	2
om	s	37
om	z	2
om	c	20
om	i	37
om	r	29
om	b	70
om	t	54
om	q	69
om	l	26
om	m	41
om	u	147
om	a	541
om	o	433
om	d	22
om	e	440
om	p	168
om	v	25
om	g	23
om	f	49
om	n	19
di	u	1
di	q	1
di	b	1
di	m	7
di	e	10
di	g	32
di	o	50
di	t	40
di	n	48
di	v	74
di	l	25
di	a	214
di	f	35
di	c	16
di	z	105
di	d	77
di	s	79
di	p	2
di	r	33
it	t	1
it	o	559
it	r	47
it	u	20
it	a	299
it	l	8
it	e	79
it	f	1
it	i	15
it	n	10
it	m	1
he	h	3
he	u	3
he	n	35
he	l	10
he	r	53
he	a	73
he	q	10
he	o	32
he	b	6
he	p	27
he	f	30
he	z	4
he	c	63
he	m	45
he	e	20
he	t	29
he	i	103
he	s	36
he	d	67
he	g	53
he	v	12
lt	u	11
lt	r	9
lt	s	5
lt	o	80
lt	e	35
lt	a	115
lt	i	26
fi	i	6
fi	o	17
fi	e	5
fi	t	2
fi	r	31
fi	g	15
fi	n	62
fi	c	95
fi	z	25
fi	d	17
fi	m	86
fi	x	1
fi	a	43
fi	l	112
fi	s	3
fi	q	7
zl	e	1
zl	i	2
zl	h	10
ve	v	2
ve	h	1
ve	p	3
ve	f	4
ve	t	4
ve	u	9
ve	z	43
ve	s	82
ve	m	79
ve	n	348
ve	j	41
ve	r	362
ve	g	48
ve	d	28
ve	o	12
ve	a	22
ve	l	91
ve	e	21
ve	i	46
fe	a	1
fe	l	4
fe	t	6
fe	d	1
fe	r	248
fe	i	118
fe	b	11
fe	m	12
fe	u	5
fe	s	30
fe	n	46
fe	z	44
fe	c	7
bn	i	1
zo	l	1
zo	q	4
zo	t	1
zo	i	1
zo	v	1
zo	u	3
zo	f	3
zo	c	4
zo	a	3
zo	p	6
zo	e	6
zo	s	13
zo	h	2
zo	n	7
zo	d	2
zo	r	3
zo	m	2
zo	b	2
eb	v	1
eb	i	31
eb	u	15
eb	r	80
eb	o	31
eb	e	117
eb	l	7
eb	a	53
ru	r	1
ru	a	13
ru	n	6
ru	e	23
ru	g	2
ru	m	41
ru	b	5
ru	d	47
ru	t	36
ru	i	18
ru	p	9
ru	s	6
ru	z	4
ru	c	4
ab	n	1
ab	s	3
ab	o	50
ab	t	1
ab	i	44
ab	e	146
ab	u	30
ab	l	5
ab	a	171
ab	r	86
cl	h	1
cl	c	1
cl	i	35
cl	a	96
cl	e	12
cl	o	4
mq	u	215
bt	i	16
on	j	2
on	m	2
on	f	37
on	q	14
on	n	5
on	r	38
on	g	103
on	e	76
on	u	18
on	d	380
on	o	229
on	t	366
on	i	31
on	h	82
on	s	145
on	a	102
on	z	12
on	c	65
on	v	42
uf	e	8
uf	u	3
uf	r	9
uf	o	19
uf	a	9
uf	i	11
ni	r	3
ni	q	1
ni	b	2
ni	f	6
ni	l	12
ni	e	9
ni	a	40
ni	x	1
ni	n	79
ni	z	4
ni	c	18
ni	d	24
ni	o	32
ni	g	8
ni	v	3
ni	m	110
ni	s	32
ni	p	6
ni	t	24
cn	f	1
cn	e	1
cn	s	2
cn	c	6
cn	d	6
cn	i	3
cn	a	1
ts	e	2
ts	s	20
ts	i	1
ts	t	2
ts	u	3
fd	a	1
fd	i	1
fd	o	1
fd	e	2
bi	e	1
bi	g	1
bi	p	1
bi	m	1
bi	s	8
bi	l	27
bi	a	49
bi	d	54
bi	o	33
bi	n	7
bi	z	2
bi	c	13
bi	t	44
bi	q	6
bi	f	1
bi	r	8
fs	a	1
fs	f	1
fs	i	2
nr	i	10
nr	a	33
nr	e	4
nr	o	13
iu	b	1
iu	p	4
iu	h	1
iu	j	1
iu	u	1
iu	r	1
iu	a	3
iu	q	5
iu	t	2
iu	s	5
iu	n	14
iu	c	3
iu	m	3
iu	o	5
iu	d	4
iu	l	1
iu	f	1
iu	e	3
iu	v	1
vu	d	3
vu	l	19
of	t	1
of	b	2
of	n	1
of	a	103
of	l	7
of	o	120
of	d	1
of	e	113
of	r	61
of	i	99
of	u	65
of	c	12
of	s	1
fl	i	1
fl	v	1
fl	o	31
fl	e	2
fl	a	18
fl	u	8
rv	r	3
rv	m	1
rv	c	1
rv	s	5
rv	o	35
rv	e	59
rv	i	60
rv	a	50
fc	i	29
ns	r	2
ns	h	1
ns	j	2
ns	f	6
ns	m	6
ns	g	5
ns	n	12
ns	u	10
ns	l	4
ns	c	19
ns	v	5
ns	a	109
ns	e	70
ns	p	24
ns	o	81
ns	d	20
ns	s	11
ns	t	48
ns	i	44
ns	b	2
ns	q	13
ic	d	1
ic	v	1
ic	c	3
ic	s	1
ic	o	181
ic	i	20
ic	t	3
ic	u	8
ic	a	216
ic	l	4
ic	e	22
ic	h	8
ic	n	2
ic	r	2
cu	q	4
cu	o	2
cu	v	3
cu	c	5
cu	b	1
cu	n	19
cu	p	20
cu	e	6
cu	m	28
cu	r	77
cu	j	59
cu	d	23
cu	f	6
cu	s	48
cu	a	6
cu	l	52
cu	t	13
cu	i	54
lv	o	16
lv	e	36
lv	i	9
lv	t	4
lv	a	35
jm	a	4
jm	u	2
jm	o	3
jm	e	1
ol	b	1
ol	g	3
ol	p	12
ol	r	3
ol	q	5
ol	t	23
ol	f	2
ol	n	12
ol	v	16
ol	d	21
ol	m	2
ol	h	231
ol	s	4
ol	i	44
ol	l	2
ol	a	74
ol	u	42
ol	e	83
ol	o	106
ol	c	10
tv	i	1
tv	o	2
tv	e	5
tg	r	1
tg	i	4
tg	u	5
sj	n	2
sj	t	3
sj	s	4
sj	p	9
sj	a	13
sj	u	18
sj	r	1
sj	o	9
sj	d	2
sj	m	1
sj	c	7
sj	f	3
ug	r	1
ug	n	5
ug	i	23
ug	o	13
ug	e	11
ug	a	41
ug	u	56
oh	d	1
oh	r	1
oh	m	3
oh	n	3
oh	j	3
oh	u	23
oh	e	20
oh	p	2
oh	a	10
oh	i	9
oh	t	3
oh	o	25
oh	q	2
oh	c	2
rc	b	1
rc	g	1
rc	d	1
rc	n	1
rc	s	3
rc	i	46
rc	t	4
rc	e	43
rc	o	135
rc	h	5
rc	a	77
rc	l	6
rc	r	9
rc	u	11
rc	c	6
ie	j	1
ie	f	1
ie	c	1
ie	u	2
ie	i	1
ie	o	9
ie	d	28
ie	t	21
ie	s	34
ie	n	48
ie	r	12
ie	g	2
ie	a	8
ie	l	6
ie	m	10
je	r	1
je	d	1
je	j	2
je	s	9
je	n	1
je	i	33
je	t	1
pl	c	2
pl	n	1
pl	i	11
pl	u	2
pl	o	35
pl	e	3
pl	m	1
pl	a	14
up	s	1
up	u	2
up	t	6
up	i	8
up	o	31
up	e	33
up	r	37
up	l	2
up	a	39
oj	j	1
oj	c	4
oj	f	4
oj	v	1
oj	e	2
oj	m	1
oj	r	1
oj	n	5
oj	i	1
oj	t	2
oj	p	6
oj	u	36
oj	o	16
oj	d	6
oj	q	1
oj	s	4
oj	l	1
oj	a	14
js	a	4
js	u	2
js	o	3
js	e	16
fg	i	2
dj	a	2
nh	c	1
nh	n	1
nh	s	3
nh	i	29
nh	o	215
nh	e	85
nh	l	1
nh	a	392
nh	u	45
ln	t	2
ln	i	3
ln	c	7
ln	a	17
ln	g	14
ln	e	10
ln	o	26
rn	h	1
rn	d	1
rn	a	170
rn	l	1
rn	i	9
rn	t	1
rn	e	55
rn	o	133
rn	u	6
rn	g	2
rn	c	18
rn	s	8
rh	e	2
rh	u	2
rh	a	3
rh	o	3
rh	m	1
ac	d	1
ac	v	2
ac	p	4
ac	f	2
ac	s	1
ac	r	43
ac	o	326
ac	e	127
ac	a	138
ac	l	16
ac	h	82
ac	t	15
ac	i	74
ac	u	36
ac	n	3
fm	a	1
fm	i	3
ul	v	1
ul	d	2
ul	m	2
ul	s	3
ul	n	2
ul	u	2
ul	c	14
ul	a	38
ul	o	35
ul	g	25
ul	t	45
ul	i	14
ul	f	2
ul	h	21
ul	p	25
ul	e	13
lg	r	21
lg	l	1
lg	a	40
lg	u	80
lg	e	10
lg	o	10
uv	u	2
uv	i	61
uv	a	18
uv	o	20
uv	e	42
xc	i	1
xc	e	38
ux	n	1
ux	o	1
ux	e	11
ux	a	3
bo	h	1
bo	g	2
bo	d	7
bo	v	5
bo	j	2
bo	i	3
bo	q	3
bo	l	7
bo	t	2
bo	m	27
bo	n	15
bo	c	18
bo	e	11
bo	p	1
bo	o	3
bo	s	21
bo	u	2
bo	a	22
bo	r	21
nb	i	5
rl	i	5
rl	u	3
rl	a	10
rl	o	14
rl	e	13
rl	h	33
ez	u	1
ez	d	5
ez	v	3
ez	t	2
ez	s	4
ez	r	3
ez	b	1
ez	q	2
ez	m	2
ez	e	46
ez	p	5
ez	a	124
ez	l	1
ez	o	7
ez	c	5
ez	n	3
ez	i	2
ez	f	2
ct	n	1
ct	v	1
ct	r	1
ct	i	9
ct	a	7
ct	u	1
ct	o	13
ct	e	6
mv	n	1
mv	i	37
mv	s	12
mv	o	30
mv	e	60
mv	a	8
mv	l	1
mv	u	2
mv	r	6
mv	c	1
mv	q	1
et	l	1
et	r	93
et	u	78
et	a	210
et	i	91
et	t	1
et	o	253
et	e	325
et	h	7
et	m	11
et	n	3
oz	t	3
oz	i	1
oz	s	3
oz	g	2
oz	d	8
oz	o	1
oz	c	3
oz	n	1
oz	e	32
oz	p	2
oz	r	1
oz	a	5
oz	m	1
oz	q	1
lr	v	2
lr	i	44
lr	e	16
lr	o	6
lr	a	1
uq	u	71
rb	s	2
rb	r	6
rb	u	6
rb	i	20
rb	a	54
rb	d	2
rb	o	26
rb	e	8
jd	i	1
jd	a	7
jd	o	8
jd	e	26
zc	u	2
zc	a	4
zc	l	5
zc	o	19
zc	e	1
zc	r	5
zc	i	1
ee	j	1
ee	q	2
ee	e	6
ee	v	13
ee	r	41
ee	c	22
ee	i	5
ee	b	6
ee	f	14
ee	g	12
ee	h	4
ee	d	35
ee	m	162
ee	u	45
ee	s	336
ee	n	164
ee	x	33
ee	a	23
ee	l	57
ee	t	21
ee	o	24
ee	p	5
nq	u	74
xr	d	1
xr	c	18
zu	m	2
zu	n	2
zu	i	2
zu	r	1
zu	l	1
ib	o	2
ib	u	19
ib	e	26
ib	r	5
ib	a	24
ib	i	7
ji	a	1
ji	n	1
hy	s	7
vc	e	1
vc	u	1
vc	a	3
vc	o	6
vc	i	10
vc	r	1
vm	i	1
vm	n	1
vm	v	1
vm	m	1
vm	r	2
vm	e	4
vm	p	3
vm	o	3
vm	d	10
vm	a	4
vm	b	2
vm	t	3
vm	c	2
vm	s	1
vm	f	2
ip	s	2
ip	u	4
ip	l	3
ip	a	31
ip	o	31
ip	e	28
ip	t	4
ip	i	14
ip	r	15
mn	f	2
mn	c	3
mn	s	5
mn	t	1
mn	i	25
mn	e	28
mn	o	90
mn	a	32
mn	u	12
zr	a	1
zr	o	2
zr	e	4
pi	m	3
pi	t	89
pi	s	9
pi	r	34
pi	c	10
pi	n	51
pi	a	14
pi	l	22
pi	d	22
pi	o	10
pi	e	22
dd	i	3
ml	v	1
ml	i	7
ml	o	17
ml	d	2
ml	e	17
ml	p	2
ml	u	7
ml	a	18
ml	h	31
ml	g	8
ml	b	1
tc	u	1
tc	h	1
tc	o	8
tc	e	2
tc	i	8
tc	a	1
rg	i	20
rg	n	3
rg	l	5
rg	a	50
rg	e	19
rg	o	52
rg	u	41
rg	r	8
jn	i	1
jn	u	1
jn	o	23
jn	e	5
jn	a	9
jn	s	1
td	i	4
td	e	4
td	o	6
td	a	2
mj	e	1
mj	o	5
mj	d	3
mj	n	3
mj	c	2
mj	u	12
mj	t	1
mj	r	1
mj	v	1
mj	q	1
mj	p	1
ea	h	1
ea	a	24
ea	b	39
ea	e	22
ea	i	41
ea	d	83
ea	f	73
ea	p	114
ea	o	67
ea	u	10
ea	z	2
ea	c	109
ea	t	95
ea	q	51
ea	s	267
ea	n	118
ea	j	23
ea	r	104
ea	g	70
ea	l	218
ea	m	136
ea	v	62
pd	o	1
pd	e	7
nf	r	9
nf	e	13
nf	l	11
nf	a	57
nf	t	1
nf	i	110
nf	m	3
nf	o	23
nf	u	6
ld	u	2
ld	c	1
ld	e	36
ld	o	34
ld	a	42
ld	i	12
jq	u	14
ps	n	3
ps	h	1
ps	t	2
ps	i	9
ps	e	11
ps	d	7
ps	o	4
ps	a	3
ps	u	1
ps	c	1
ps	m	1
ps	s	2
ox	o	11
ox	e	1
ox	a	10
sb	b	1
sb	o	28
sb	u	4
sb	l	1
sb	a	70
sb	i	46
sb	e	29
sb	r	43
xp	l	1
xp	r	9
xp	u	2
xp	e	26
gu	q	1
gu	z	1
gu	t	1
gu	l	10
gu	a	191
gu	r	54
gu	e	172
gu	i	70
gu	o	1
gu	d	10
gu	n	70
gu	m	64
gu	s	20
vr	c	1
vr	a	51
vr	i	55
vr	o	3
vr	e	9
jt	m	1
jt	o	3
jt	e	7
jt	a	2
jt	r	4
jt	i	4
gv	e	3
ho	b	5
ho	g	3
ho	j	3
ho	h	7
ho	p	13
ho	f	5
ho	t	7
ho	c	15
ho	i	8
ho	o	12
ho	q	15
ho	v	8
ho	s	182
ho	a	19
ho	l	6
ho	e	34
ho	m	39
ho	r	140
ho	n	46
ho	u	25
ho	d	42
pu	x	1
pu	n	7
pu	d	26
pu	z	1
pu	r	37
pu	g	5
pu	l	19
pu	s	9
pu	t	1
pu	b	3
pu	m	1
zi	n	22
zi	g	1
zi	r	4
zi	l	2
zi	a	51
zi	u	4
zi	m	2
zi	o	2
zi	d	20
dg	r	1
dg	e	1
dg	u	7
hd	i	1
hd	e	13
pe	v	1
pe	j	4
pe	o	5
pe	g	5
pe	c	24
pe	p	1
pe	x	1
pe	a	16
pe	l	220
pe	q	31
pe	i	136
pe	t	18
pe	r	411
pe	s	90
pe	n	101
pe	d	86
pe	m	14
pe	e	12
zp	a	1
zp	e	7
zp	o	5
zp	i	1
zp	r	1
hj	u	1
hj	q	2
hj	t	1
xe	e	3
xe	a	6
xe	o	3
xe	c	2
xe	n	1
xe	t	1
xe	m	9
xe	r	32
xe	s	7
xe	q	1
tm	b	1
tm	c	1
tm	m	3
tm	g	1
tm	n	2
tm	d	6
tm	o	5
tm	u	1
tm	j	1
tm	a	8
tm	l	1
tm	p	10
tm	e	3
tm	t	2
tm	i	5
rz	e	1
rz	i	8
ht	o	1
ht	a	3
nj	o	3
nj	e	4
nj	u	13
nj	a	12
nj	r	9
mf	f	1
mf	b	1
mf	u	7
mf	r	19
mf	l	2
mf	a	35
mf	e	31
mf	o	50
mf	t	1
mf	i	19
tf	u	1
tf	i	1
tf	r	1
tf	e	6
lj	n	1
lj	p	1
lj	a	2
lj	f	2
lj	u	3
lj	o	1
fb	r	2
fb	u	4
fb	i	2
dn	e	2
dn	o	3
dn	i	6
dn	c	10
dn	u	1
bj	u	1
bj	e	1
bs	s	3
bs	t	1
bs	o	1
bs	e	5
cg	r	1
cg	n	11
zs	a	1
zs	e	13
zs	o	2
zs	t	1
zs	u	2
tn	h	4
tn	g	1
tn	c	15
tn	a	3
tn	o	4
tn	t	1
tn	i	20
th	y	7
nv	m	3
nv	i	16
nv	o	14
nv	e	49
hb	i	2
xv	i	1
vf	e	2
dv	a	1
dv	i	3
dv	e	9
jc	r	1
jc	h	8
jc	a	4
jc	d	1
jc	o	14
jc	i	1
hr	o	1
hr	e	1
hr	c	1
hr	r	3
mh	b	1
mh	a	2
mh	g	1
mh	r	1
mh	o	3
mh	q	1
mh	u	1
vt	o	2
vt	i	6
ij	d	1
ij	o	3
ij	a	8
ij	u	2
ij	m	1
ij	t	3
ds	q	1
ds	t	3
ds	s	11
ds	e	1
ds	p	1
ds	a	2
ds	o	1
ax	a	6
ax	i	1
ax	e	3
ax	o	10
em	g	27
em	h	6
em	j	11
em	u	56
em	b	60
em	t	148
em	f	67
em	c	145
em	l	50
em	q	89
em	s	167
em	d	150
em	o	284
em	r	69
em	p	337
em	e	243
em	n	102
em	a	336
em	m	81
em	v	85
em	i	85
gp	c	5
pc	o	1
pc	i	11
gt	i	6
fp	a	1
cc	e	5
cc	i	9
mz	u	2
zn	u	1
zn	a	3
zn	c	2
zn	o	7
zn	i	2
cp	r	3
cp	e	1
cp	o	1
cp	i	5
rf	c	2
rf	r	4
rf	u	2
rf	i	31
rf	e	32
rf	d	1
rf	o	14
rf	l	2
rf	a	19
jv	i	1
jv	e	6
rj	s	1
rj	r	2
rj	f	1
rj	a	3
rj	c	1
rj	m	1
rj	u	6
rj	e	1
rj	o	2
dq	u	8
ft	i	3
ft	o	1
bc	a	1
cq	u	1
hp	a	1
hp	o	1
hp	e	1
tt	o	2
tt	i	7
tt	u	6
ou	j	2
ou	i	2
ou	e	7
ou	x	11
ou	a	13
ou	o	6
ou	l	15
ou	q	18
ou	m	47
ou	c	100
ou	n	16
ou	f	22
ou	t	276
ou	v	90
ou	d	43
ou	r	189
ou	s	112
ou	b	27
ou	p	36
fq	u	4
xu	m	1
xu	t	2
uu	m	1
zm	i	1
zm	r	1
zm	a	1
zm	o	2
vv	i	1
